news_index,type,sentence,score,argument1,argument12
1,agentOf,WASHINGTON     Congressional Republicans have a new fear when it comes to their    health care lawsuit against the Obama administration They might win The incoming Trump administration could choose to no longer defend the executive branch against the suit which challenges the administrations authority to spend billions of dollars on health insurance subsidies for   and   Americans handing House Republicans a big victory on    issues But a sudden loss of the disputed subsidies could conceivably cause the health care program to implode leaving millions of people without access to health insurance before Republicans have prepared a replacement That could lead to chaos in the insurance market and spur a political backlash just as Republicans gain full control of the government To stave off that outcome Republicans could find themselves in the awkward position of appropriating huge sums to temporarily prop up the Obama health care law angering conservative voters who have been demanding,0.771618,their,lawsuit
1,employedBy,an end to the law for years In another twist Donald J Trumps administration worried about preserving executive branch prerogatives could choose to fight its Republican allies in the House on some central questions in the dispute Eager to avoid an ugly political pileup Republicans on Capitol Hill and the Trump transition team are gaming out how to handle the lawsuit which after the election has been put in limbo until at least late February by the United States Court of Appeals for the District of Columbia Circuit They are not yet ready to divulge their strategy Given that this pending litigation involves the Obama administration and Congress it would be inappropriate to comment said Phillip J Blando a spokesman for the Trump transition effort Upon taking office the Trump administration will evaluate this case and all related aspects of the Affordable Care Act  In a potentially   decision in 2015 Judge,0.531573,allies,House
1,locatedAt,an end to the law for years In another twist Donald J Trumps administration worried about preserving executive branch prerogatives could choose to fight its Republican allies in the House on some central questions in the dispute Eager to avoid an ugly political pileup Republicans on Capitol Hill and the Trump transition team are gaming out how to handle the lawsuit which after the election has been put in limbo until at least late February by the United States Court of Appeals for the District of Columbia Circuit They are not yet ready to divulge their strategy Given that this pending litigation involves the Obama administration and Congress it would be inappropriate to comment said Phillip J Blando a spokesman for the Trump transition effort Upon taking office the Trump administration will evaluate this case and all related aspects of the Affordable Care Act  In a potentially   decision in 2015 Judge,0.600232,Republicans,Capitol Hill
1,partOfMany,an end to the law for years In another twist Donald J Trumps administration worried about preserving executive branch prerogatives could choose to fight its Republican allies in the House on some central questions in the dispute Eager to avoid an ugly political pileup Republicans on Capitol Hill and the Trump transition team are gaming out how to handle the lawsuit which after the election has been put in limbo until at least late February by the United States Court of Appeals for the District of Columbia Circuit They are not yet ready to divulge their strategy Given that this pending litigation involves the Obama administration and Congress it would be inappropriate to comment said Phillip J Blando a spokesman for the Trump transition effort Upon taking office the Trump administration will evaluate this case and all related aspects of the Affordable Care Act  In a potentially   decision in 2015 Judge,0.323796,Trump,transition team
1,timeOf,an end to the law for years In another twist Donald J Trumps administration worried about preserving executive branch prerogatives could choose to fight its Republican allies in the House on some central questions in the dispute Eager to avoid an ugly political pileup Republicans on Capitol Hill and the Trump transition team are gaming out how to handle the lawsuit which after the election has been put in limbo until at least late February by the United States Court of Appeals for the District of Columbia Circuit They are not yet ready to divulge their strategy Given that this pending litigation involves the Obama administration and Congress it would be inappropriate to comment said Phillip J Blando a spokesman for the Trump transition effort Upon taking office the Trump administration will evaluate this case and all related aspects of the Affordable Care Act  In a potentially   decision in 2015 Judge,0.854866,February,lawsuit which
1,partOf,an end to the law for years In another twist Donald J Trumps administration worried about preserving executive branch prerogatives could choose to fight its Republican allies in the House on some central questions in the dispute Eager to avoid an ugly political pileup Republicans on Capitol Hill and the Trump transition team are gaming out how to handle the lawsuit which after the election has been put in limbo until at least late February by the United States Court of Appeals for the District of Columbia Circuit They are not yet ready to divulge their strategy Given that this pending litigation involves the Obama administration and Congress it would be inappropriate to comment said Phillip J Blando a spokesman for the Trump transition effort Upon taking office the Trump administration will evaluate this case and all related aspects of the Affordable Care Act  In a potentially   decision in 2015 Judge,0.969826,Court of Appeals for the District of Columbia Circuit They,United States
1,agentOf,an end to the law for years In another twist Donald J Trumps administration worried about preserving executive branch prerogatives could choose to fight its Republican allies in the House on some central questions in the dispute Eager to avoid an ugly political pileup Republicans on Capitol Hill and the Trump transition team are gaming out how to handle the lawsuit which after the election has been put in limbo until at least late February by the United States Court of Appeals for the District of Columbia Circuit They are not yet ready to divulge their strategy Given that this pending litigation involves the Obama administration and Congress it would be inappropriate to comment said Phillip J Blando a spokesman for the Trump transition effort Upon taking office the Trump administration will evaluate this case and all related aspects of the Affordable Care Act  In a potentially   decision in 2015 Judge,0.622755,Phillip J Blando,said
1,partOf,an end to the law for years In another twist Donald J Trumps administration worried about preserving executive branch prerogatives could choose to fight its Republican allies in the House on some central questions in the dispute Eager to avoid an ugly political pileup Republicans on Capitol Hill and the Trump transition team are gaming out how to handle the lawsuit which after the election has been put in limbo until at least late February by the United States Court of Appeals for the District of Columbia Circuit They are not yet ready to divulge their strategy Given that this pending litigation involves the Obama administration and Congress it would be inappropriate to comment said Phillip J Blando a spokesman for the Trump transition effort Upon taking office the Trump administration will evaluate this case and all related aspects of the Affordable Care Act  In a potentially   decision in 2015 Judge,0.619674,Affordable Care Act,administration
1,agentOf,Rosemary M Collyer ruled that House Republicans had the standing to sue the executive branch over a spending dispute and that the Obama administration had been distributing the health insurance subsidies in violation of the Constitution without approval from Congress The Justice Department confident that Judge Collyers decision would be reversed quickly appealed and the subsidies have remained in place during the appeal In successfully seeking a temporary halt in the proceedings after Mr Trump won House Republicans last month told the court that they and the  s transition team currently are discussing potential options for resolution of this matter to take effect after the  s inauguration on Jan 20 2017  The suspension of the case House lawyers said will provide the   and his future administration time to consider whether to continue prosecuting or to otherwise resolve this appeal  Republican leadership officials in the House acknowledge the possibility of cascading effects,0.974748,Rosemary M Collyer,ruled
1,partOf,Rosemary M Collyer ruled that House Republicans had the standing to sue the executive branch over a spending dispute and that the Obama administration had been distributing the health insurance subsidies in violation of the Constitution without approval from Congress The Justice Department confident that Judge Collyers decision would be reversed quickly appealed and the subsidies have remained in place during the appeal In successfully seeking a temporary halt in the proceedings after Mr Trump won House Republicans last month told the court that they and the  s transition team currently are discussing potential options for resolution of this matter to take effect after the  s inauguration on Jan 20 2017  The suspension of the case House lawyers said will provide the   and his future administration time to consider whether to continue prosecuting or to otherwise resolve this appeal  Republican leadership officials in the House acknowledge the possibility of cascading effects,0.905332,Justice Department,Congress The
2,locatedAt,After the bullet shells get counted the blood dries and the votive candles burn out people peer down from   windows and see crime scenes gone cold a band of yellow police tape blowing in the breeze The South Bronx just across the Harlem River from Manhattan and once shorthand for urban dysfunction still suffers violence at levels long ago slashed in many other parts of New York City And yet the citys efforts to fight it remain splintered underfunded and burdened by scandal In the 40th Precinct at the southern tip of the Bronx as in other poor minority neighborhoods across the country people long hounded for   infractions are crying out for more protection against grievous injury or death By September four of every five shootings in the precinct this year were unsolved Out of the citys 77 precincts the 40th has the highest murder rate but the fewest detectives per,0.908014,Harlem River,Manhattan
2,agentOf,violent crime reflecting disparities in staffing that hit hardest in some neighborhoods outside Manhattan according to a New York Times analysis of Police Department data Investigators in the precinct are saddled with twice the number of cases the department recommends even as their bosses are called to Police Headquarters to answer for the sharpest crime rise in the city this year And across the Bronx investigative resources are squeezed It has the highest   rate of the citys five boroughs but the thinnest detective staffing Nine of the 14   precinct detective squads for violent crime in the city are there The boroughs robbery squad is smaller than Manhattans even though the Bronx has had 1,0.949895,department,recommends
2,agentOf,document the hallway ruckus and the inadequate police response The boys made comments about how easy a target she was and about how they would have to slap her if she opened the door while they made a drug sale and they threatened to beat the Fernandez family because they are the ones snitching her notes say But another   complaint at the substation 10 days after the first brought no relief A week later feeling desperate Ms Fernandez tried calling first to the substation at 850 p m when one of the boys blew weed smoke at her door and made a   threat to attack her and then to 911 at 1036 p m The police never came she wrote in her notes She tried the 40th Precinct station house next but officers at the desk left her standing in the public waiting area for a   she said making her fear,0.954915,they,threatened
2,agentOf,document the hallway ruckus and the inadequate police response The boys made comments about how easy a target she was and about how they would have to slap her if she opened the door while they made a drug sale and they threatened to beat the Fernandez family because they are the ones snitching her notes say But another   complaint at the substation 10 days after the first brought no relief A week later feeling desperate Ms Fernandez tried calling first to the substation at 850 p m when one of the boys blew weed smoke at her door and made a   threat to attack her and then to 911 at 1036 p m The police never came she wrote in her notes She tried the 40th Precinct station house next but officers at the desk left her standing in the public waiting area for a   she said making her fear,0.653363,her,say
2,locatedAt,document the hallway ruckus and the inadequate police response The boys made comments about how easy a target she was and about how they would have to slap her if she opened the door while they made a drug sale and they threatened to beat the Fernandez family because they are the ones snitching her notes say But another   complaint at the substation 10 days after the first brought no relief A week later feeling desperate Ms Fernandez tried calling first to the substation at 850 p m when one of the boys blew weed smoke at her door and made a   threat to attack her and then to 911 at 1036 p m The police never came she wrote in her notes She tried the 40th Precinct station house next but officers at the desk left her standing in the public waiting area for a   she said making her fear,0.47252,Fernandez,substation
2,affectedBy,document the hallway ruckus and the inadequate police response The boys made comments about how easy a target she was and about how they would have to slap her if she opened the door while they made a drug sale and they threatened to beat the Fernandez family because they are the ones snitching her notes say But another   complaint at the substation 10 days after the first brought no relief A week later feeling desperate Ms Fernandez tried calling first to the substation at 850 p m when one of the boys blew weed smoke at her door and made a   threat to attack her and then to 911 at 1036 p m The police never came she wrote in her notes She tried the 40th Precinct station house next but officers at the desk left her standing in the public waiting area for a   she said making her fear,0.571603,her,attack
2,agentOf,document the hallway ruckus and the inadequate police response The boys made comments about how easy a target she was and about how they would have to slap her if she opened the door while they made a drug sale and they threatened to beat the Fernandez family because they are the ones snitching her notes say But another   complaint at the substation 10 days after the first brought no relief A week later feeling desperate Ms Fernandez tried calling first to the substation at 850 p m when one of the boys blew weed smoke at her door and made a   threat to attack her and then to 911 at 1036 p m The police never came she wrote in her notes She tried the 40th Precinct station house next but officers at the desk left her standing in the public waiting area for a   she said making her fear,0.956593,she,wrote
2,affectedBy,document the hallway ruckus and the inadequate police response The boys made comments about how easy a target she was and about how they would have to slap her if she opened the door while they made a drug sale and they threatened to beat the Fernandez family because they are the ones snitching her notes say But another   complaint at the substation 10 days after the first brought no relief A week later feeling desperate Ms Fernandez tried calling first to the substation at 850 p m when one of the boys blew weed smoke at her door and made a   threat to attack her and then to 911 at 1036 p m The police never came she wrote in her notes She tried the 40th Precinct station house next but officers at the desk left her standing in the public waiting area for a   she said making her fear,0.549891,her,wrote
2,agentOf,document the hallway ruckus and the inadequate police response The boys made comments about how easy a target she was and about how they would have to slap her if she opened the door while they made a drug sale and they threatened to beat the Fernandez family because they are the ones snitching her notes say But another   complaint at the substation 10 days after the first brought no relief A week later feeling desperate Ms Fernandez tried calling first to the substation at 850 p m when one of the boys blew weed smoke at her door and made a   threat to attack her and then to 911 at 1036 p m The police never came she wrote in her notes She tried the 40th Precinct station house next but officers at the desk left her standing in the public waiting area for a   she said making her fear,0.982904,she,said
2,timeOf,being seen again Officers put her in worse danger some months later she said when they came to her door and announced in front of the teenagers that they were there on a complaint about drug activity Mr Fernandez started doing the work that he said the police had failed to do He wired a camera into his peephole to record the drugs and guns The footage hark back to the New York of the 1980s still very much present to some of the precincts residents Around 630 each morning Sgt Michael J LoPuzzo walks through the tall wooden doors of the 40th Precinct station house The cases that land on his metal desk     dead bodies with no known cause strip club brawls shooting victims hobbling into the hospital themselves     bring resistance at every turn reminding him of an earlier era in the citys   campaign I havent got one single phone,0.648312,some months later,said
3,agentOf,When Walt Disneys Bambi opened in 1942 critics praised its spare haunting visual style vastly different from anything Disney had done before But what they did not know was that the films striking appearance had been created by a Chinese immigrant artist who took as his inspiration the landscape paintings of the Song dynasty The extent of his contribution to Bambi which remains a   mark for film animation would not be widely known for decades Like the films title character the artist Tyrus Wong weathered irrevocable separation from his mother     and in the hope of making a life in America incarceration isolation and rigorous interrogation     all when he was still a child In the years that followed he endured poverty discrimination and chronic lack of recognition not only for his work at Disney but also for his fine art before finding acclaim in his 90s Mr Wong died on Friday at,0.711274,Walt Disneys Bambi,praised
3,ownerOf,106 A Hollywood studio artist painter printmaker calligrapher   illustrator and in later years maker of fantastical kites he was one of the most celebrated   artists of the 20th century But because of the marginalization to which   were long subject he passed much of his career unknown to the general public Artistic recognition when Mr Wong did find it was all the more noteworthy for the fact that among Chinese immigrant men of his generation professional prospects were largely limited to menial jobs like houseboy and laundryman Trained as a painter Mr Wong was a leading figure in the Modernist movement that flourished in California between the first and second World Wars In 1932 and again in 1934 his work was included in group shows at the Art Institute of Chicago that also featured Picasso Matisse and Paul Klee As a staff artist for Hollywood studios from the 1930s to the 1960s,0.52266,Hollywood,studio
3,affectedBy,series of nature scenes that were moody lyrical and atmospheric     at once lush and spare     with backgrounds subtly suggested by a stroke or two of the brush Walt Disney went crazy over them said Mr Canemaker who wrote about Mr Wong in his book Before the Animation Begins The Art and Lives of Disney Inspirational Sketch Artists 1996 He said I love this indefinite quality the mysterious quality of the forest  Mr Wong was unofficially promoted to the rank of inspirational sketch artist But he was more than that Mr Canemaker explained He was the designer he was the person they went to when they had questions about the color about how to lay something out He even influenced the music and the special effects Just by the look of the drawings he inspired people  Mr Wong spent two years painting the illustrations that would inform every aspect of Bambi  Throughout,0.533644,Mr,wrote
3,authorOf,series of nature scenes that were moody lyrical and atmospheric     at once lush and spare     with backgrounds subtly suggested by a stroke or two of the brush Walt Disney went crazy over them said Mr Canemaker who wrote about Mr Wong in his book Before the Animation Begins The Art and Lives of Disney Inspirational Sketch Artists 1996 He said I love this indefinite quality the mysterious quality of the forest  Mr Wong was unofficially promoted to the rank of inspirational sketch artist But he was more than that Mr Canemaker explained He was the designer he was the person they went to when they had questions about the color about how to lay something out He even influenced the music and the special effects Just by the look of the drawings he inspired people  Mr Wong spent two years painting the illustrations that would inform every aspect of Bambi  Throughout,0.920245,his,book
3,agentOf,series of nature scenes that were moody lyrical and atmospheric     at once lush and spare     with backgrounds subtly suggested by a stroke or two of the brush Walt Disney went crazy over them said Mr Canemaker who wrote about Mr Wong in his book Before the Animation Begins The Art and Lives of Disney Inspirational Sketch Artists 1996 He said I love this indefinite quality the mysterious quality of the forest  Mr Wong was unofficially promoted to the rank of inspirational sketch artist But he was more than that Mr Canemaker explained He was the designer he was the person they went to when they had questions about the color about how to lay something out He even influenced the music and the special effects Just by the look of the drawings he inspired people  Mr Wong spent two years painting the illustrations that would inform every aspect of Bambi  Throughout,0.993358,He,said
3,agentOf,there and the sign was still there Mr Wong recalled in Tyrus  After the Japanese attack on Pearl Harbor in December 1941 Mr Wong like many   took to wearing a lapel button proclaiming his heritage lest an angry American beat him up on the street The war permanently dispersed the fledgling Oriental Artists Group Mr Wongs friend Mr Okubo was sent with tens of thousands of other   to an internment camp If World War II hadnt happened when it did I think these artists even the   artists would have more of a name than they do today Ms See said And thats because this little movement that had just barely started was split apart by the war  Mr Wong who became a United States citizen in 1946 also designed Christmas cards for Hallmark and painted elegant   designs on dinnerware now sought after by collectors A longtime resident of Sunland Calif he,0.779724,Wong,recalled
3,agentOf,to the Museum of Chinese in America in Lower Manhattan Mr Wongs death at his home in Sunland was confirmed by the filmmaker Ms Tom His survivors include three daughters Kay Fong   Wong and Kim Wong and two grandchildren When his daughters were small Mr Wong encouraged them to make art as his father had encouraged him Yet he would not let them have coloring books The reason was simple He did not want his children constrained he said by lines laid down by others,0.97288,he,said
3,agentOf,series of nature scenes that were moody lyrical and atmospheric     at once lush and spare     with backgrounds subtly suggested by a stroke or two of the brush Walt Disney went crazy over them said Mr Canemaker who wrote about Mr Wong in his book Before the Animation Begins The Art and Lives of Disney Inspirational Sketch Artists 1996 He said I love this indefinite quality the mysterious quality of the forest  Mr Wong was unofficially promoted to the rank of inspirational sketch artist But he was more than that Mr Canemaker explained He was the designer he was the person they went to when they had questions about the color about how to lay something out He even influenced the music and the special effects Just by the look of the drawings he inspired people  Mr Wong spent two years painting the illustrations that would inform every aspect of Bambi  Throughout,0.992556,Canemaker,explained
3,partOfMany,series of nature scenes that were moody lyrical and atmospheric     at once lush and spare     with backgrounds subtly suggested by a stroke or two of the brush Walt Disney went crazy over them said Mr Canemaker who wrote about Mr Wong in his book Before the Animation Begins The Art and Lives of Disney Inspirational Sketch Artists 1996 He said I love this indefinite quality the mysterious quality of the forest  Mr Wong was unofficially promoted to the rank of inspirational sketch artist But he was more than that Mr Canemaker explained He was the designer he was the person they went to when they had questions about the color about how to lay something out He even influenced the music and the special effects Just by the look of the drawings he inspired people  Mr Wong spent two years painting the illustrations that would inform every aspect of Bambi  Throughout,0.568682,person,they
3,agentOf,the finished film     lent a brooding quality by its stark landscapes misty desaturated palette and figures often seen in silhouette     his influence is unmistakable But in 1941 in the wake of a bitter employees strike that year Disney fired Mr Wong Though he had chosen not to strike     he felt the studio had been good to him Mr Canemaker said     he was let go amid the lingering climate of   resentments On Bambi Mr Wongs name appears quite far down in the credits as a mere background artist Mr Wong joined Warner Brothers in 1942 working there     and lent out on occasion to other studios     until his retirement in 1968 The indignities he endured were not confined to the studios Trying to buy a house he and his wife the former Ruth Kim were told that each property they inquired about had just been sold Then in a month youd go back,0.650758,employees,strike
4,hasAttribute,Death may be the great equalizer but it isnt necessarily evenhanded Of all the fields of endeavor that suffered mortal losses in 2016     consider Muhammad Ali and Arnold Palmer in sports and the      Hollywood deaths of Carrie Fisher and Debbie Reynolds     the pop music world had hands down the bleakest year Start with David Bowie whose stage persona     androgynous glam rocker dance pop star electronic experimentalist     was as   as his music The year was only days old when the news came that he had died of cancer at 69 He had hinted that his time was short in the lyrics of his final album released just two days before his death but he had otherwise gone to great lengths to hide his illness from the public a wish for privacy that ensured that his death would appear to have come out of the blue Then came another shock about three months,0.546921,he,cancer
4,hasAttribute,Death may be the great equalizer but it isnt necessarily evenhanded Of all the fields of endeavor that suffered mortal losses in 2016     consider Muhammad Ali and Arnold Palmer in sports and the      Hollywood deaths of Carrie Fisher and Debbie Reynolds     the pop music world had hands down the bleakest year Start with David Bowie whose stage persona     androgynous glam rocker dance pop star electronic experimentalist     was as   as his music The year was only days old when the news came that he had died of cancer at 69 He had hinted that his time was short in the lyrics of his final album released just two days before his death but he had otherwise gone to great lengths to hide his illness from the public a wish for privacy that ensured that his death would appear to have come out of the blue Then came another shock about three months,0.678633,He,cancer
4,employedBy,whose aura had dimmed in later years was 53 when he went to bed and never woke up on Christmas Pop music figures fell all year many of their voices still embedded in the nicked vinyl grooves of old records that a lot of people cant bear to throw out The roster included Paul Kantner of Jefferson Airplane Keith Emerson and Greg Lake of Emerson Lake and Palmer Glenn Frey of the Eagles and Maurice White of Earth Wind  Fire Leon Russell the piano pounder with a Delta blues wail and a mountain mans mass of hair died So did Merle Haggard rugged country poet of the common man and the   outlaw He was joined by the bluegrass legend Ralph Stanley and the guitar virtuoso who was practically glued to Elviss swiveling hips in the early days Scotty Moore And then there was George Martin whose   genius had such a creative,0.708902,Keith Emerson,Jefferson Airplane
4,employedBy,whose aura had dimmed in later years was 53 when he went to bed and never woke up on Christmas Pop music figures fell all year many of their voices still embedded in the nicked vinyl grooves of old records that a lot of people cant bear to throw out The roster included Paul Kantner of Jefferson Airplane Keith Emerson and Greg Lake of Emerson Lake and Palmer Glenn Frey of the Eagles and Maurice White of Earth Wind  Fire Leon Russell the piano pounder with a Delta blues wail and a mountain mans mass of hair died So did Merle Haggard rugged country poet of the common man and the   outlaw He was joined by the bluegrass legend Ralph Stanley and the guitar virtuoso who was practically glued to Elviss swiveling hips in the early days Scotty Moore And then there was George Martin whose   genius had such a creative,0.707737,Palmer Glenn Frey,Eagles
4,residesIn,whose aura had dimmed in later years was 53 when he went to bed and never woke up on Christmas Pop music figures fell all year many of their voices still embedded in the nicked vinyl grooves of old records that a lot of people cant bear to throw out The roster included Paul Kantner of Jefferson Airplane Keith Emerson and Greg Lake of Emerson Lake and Palmer Glenn Frey of the Eagles and Maurice White of Earth Wind  Fire Leon Russell the piano pounder with a Delta blues wail and a mountain mans mass of hair died So did Merle Haggard rugged country poet of the common man and the   outlaw He was joined by the bluegrass legend Ralph Stanley and the guitar virtuoso who was practically glued to Elviss swiveling hips in the early days Scotty Moore And then there was George Martin whose   genius had such a creative,0.723723,Maurice White,Earth Wind
4,affectedBy,whose aura had dimmed in later years was 53 when he went to bed and never woke up on Christmas Pop music figures fell all year many of their voices still embedded in the nicked vinyl grooves of old records that a lot of people cant bear to throw out The roster included Paul Kantner of Jefferson Airplane Keith Emerson and Greg Lake of Emerson Lake and Palmer Glenn Frey of the Eagles and Maurice White of Earth Wind  Fire Leon Russell the piano pounder with a Delta blues wail and a mountain mans mass of hair died So did Merle Haggard rugged country poet of the common man and the   outlaw He was joined by the bluegrass legend Ralph Stanley and the guitar virtuoso who was practically glued to Elviss swiveling hips in the early days Scotty Moore And then there was George Martin whose   genius had such a creative,0.292437,Earth Wind,Fire
4,affectedBy,whose aura had dimmed in later years was 53 when he went to bed and never woke up on Christmas Pop music figures fell all year many of their voices still embedded in the nicked vinyl grooves of old records that a lot of people cant bear to throw out The roster included Paul Kantner of Jefferson Airplane Keith Emerson and Greg Lake of Emerson Lake and Palmer Glenn Frey of the Eagles and Maurice White of Earth Wind  Fire Leon Russell the piano pounder with a Delta blues wail and a mountain mans mass of hair died So did Merle Haggard rugged country poet of the common man and the   outlaw He was joined by the bluegrass legend Ralph Stanley and the guitar virtuoso who was practically glued to Elviss swiveling hips in the early days Scotty Moore And then there was George Martin whose   genius had such a creative,0.287093,Leon Russell,Fire
4,employedBy,whose aura had dimmed in later years was 53 when he went to bed and never woke up on Christmas Pop music figures fell all year many of their voices still embedded in the nicked vinyl grooves of old records that a lot of people cant bear to throw out The roster included Paul Kantner of Jefferson Airplane Keith Emerson and Greg Lake of Emerson Lake and Palmer Glenn Frey of the Eagles and Maurice White of Earth Wind  Fire Leon Russell the piano pounder with a Delta blues wail and a mountain mans mass of hair died So did Merle Haggard rugged country poet of the common man and the   outlaw He was joined by the bluegrass legend Ralph Stanley and the guitar virtuoso who was practically glued to Elviss swiveling hips in the early days Scotty Moore And then there was George Martin whose   genius had such a creative,0.368023,poet,country
4,locatedAt,influence on the sounds of John Paul George and Ringo and by extension on the entire rock era that he was hailed as the fifth Beatle If the music stars could fill arenas so could idols of another stripe the mighty athletes who left the scene No figure among them was as towering as Ali Some called him the greatest sports figure of the 20th century the boxer who combined power grace and brains in a way the ring had never seen But he was more than a great athlete Matters of war race and religion coursed through his life in a publicly turbulent way Some people hated him when he refused to be drafted during the Vietnam War a decision that cost him his heavyweight title But more people admired him even loved him for his principled stands his high spirits his lightning mind his winking   and yes his rhyming,0.519727,who,scene
4,agentOf,influence on the sounds of John Paul George and Ringo and by extension on the entire rock era that he was hailed as the fifth Beatle If the music stars could fill arenas so could idols of another stripe the mighty athletes who left the scene No figure among them was as towering as Ali Some called him the greatest sports figure of the 20th century the boxer who combined power grace and brains in a way the ring had never seen But he was more than a great athlete Matters of war race and religion coursed through his life in a publicly turbulent way Some people hated him when he refused to be drafted during the Vietnam War a decision that cost him his heavyweight title But more people admired him even loved him for his principled stands his high spirits his lightning mind his winking   and yes his rhyming,0.979282,Ali Some,called
5,partOf,SEOUL South Korea     North Koreas leader Kim   said on Sunday that his country was making final preparations to conduct its first test of an intercontinental ballistic missile     a bold statement less than a month before the inauguration of   Donald J Trump Although North Korea has conducted five nuclear tests in the last decade and more than 20 ballistic missile tests in 2016 alone and although it habitually threatens to attack the United States with nuclear weapons the country has never   an intercontinental ballistic missile or ICBM In his annual New Years Day speech which was broadcast on the Norths   KCTV on Sunday Mr Kim spoke proudly of the strides he said his country had made in its nuclear weapons and ballistic missile programs He said North Korea would continue to bolster its weapons programs as long as the United States remained hostile and continued its joint military exercises with South Korea,0.456404,North,South Korea
5,ownerOf,SEOUL South Korea     North Koreas leader Kim   said on Sunday that his country was making final preparations to conduct its first test of an intercontinental ballistic missile     a bold statement less than a month before the inauguration of   Donald J Trump Although North Korea has conducted five nuclear tests in the last decade and more than 20 ballistic missile tests in 2016 alone and although it habitually threatens to attack the United States with nuclear weapons the country has never   an intercontinental ballistic missile or ICBM In his annual New Years Day speech which was broadcast on the Norths   KCTV on Sunday Mr Kim spoke proudly of the strides he said his country had made in its nuclear weapons and ballistic missile programs He said North Korea would continue to bolster its weapons programs as long as the United States remained hostile and continued its joint military exercises with South Korea,0.548447,United States,nuclear weapons
5,agentOf,SEOUL South Korea     North Koreas leader Kim   said on Sunday that his country was making final preparations to conduct its first test of an intercontinental ballistic missile     a bold statement less than a month before the inauguration of   Donald J Trump Although North Korea has conducted five nuclear tests in the last decade and more than 20 ballistic missile tests in 2016 alone and although it habitually threatens to attack the United States with nuclear weapons the country has never   an intercontinental ballistic missile or ICBM In his annual New Years Day speech which was broadcast on the Norths   KCTV on Sunday Mr Kim spoke proudly of the strides he said his country had made in its nuclear weapons and ballistic missile programs He said North Korea would continue to bolster its weapons programs as long as the United States remained hostile and continued its joint military exercises with South Korea,0.605159,his,speech
5,agentOf,is waiting for the Constitutional Court to rule on whether she should be formally removed from office or reinstated If North Korea conducts a    test in coming months it will test Mr Trumps new administration despite years of increasingly harsh sanctions North Korea has been advancing toward Mr Kims professed goal of arming his isolated country with the ability to deliver a nuclear warhead to the United States Mr Kims speech on Sunday indicated that North Korea may   a   rocket several times this year to complete its ICBM program said Cheong   a senior research fellow at the Sejong Institute in South Korea The first of such tests could come even before Mr Trumps inauguration Mr Cheong said We need to take note of the fact that this is the first New Years speech where Kim   mentioned an intercontinental ballistic missile he said In his speech Mr Kim did not comment on,0.853974,his,speech
5,timeOf,SEOUL South Korea     North Koreas leader Kim   said on Sunday that his country was making final preparations to conduct its first test of an intercontinental ballistic missile     a bold statement less than a month before the inauguration of   Donald J Trump Although North Korea has conducted five nuclear tests in the last decade and more than 20 ballistic missile tests in 2016 alone and although it habitually threatens to attack the United States with nuclear weapons the country has never   an intercontinental ballistic missile or ICBM In his annual New Years Day speech which was broadcast on the Norths   KCTV on Sunday Mr Kim spoke proudly of the strides he said his country had made in its nuclear weapons and ballistic missile programs He said North Korea would continue to bolster its weapons programs as long as the United States remained hostile and continued its joint military exercises with South Korea,0.668244,New Years Day,speech
5,locatedAt,SEOUL South Korea     North Koreas leader Kim   said on Sunday that his country was making final preparations to conduct its first test of an intercontinental ballistic missile     a bold statement less than a month before the inauguration of   Donald J Trump Although North Korea has conducted five nuclear tests in the last decade and more than 20 ballistic missile tests in 2016 alone and although it habitually threatens to attack the United States with nuclear weapons the country has never   an intercontinental ballistic missile or ICBM In his annual New Years Day speech which was broadcast on the Norths   KCTV on Sunday Mr Kim spoke proudly of the strides he said his country had made in its nuclear weapons and ballistic missile programs He said North Korea would continue to bolster its weapons programs as long as the United States remained hostile and continued its joint military exercises with South Korea,0.513725,speech,Norths   KCTV
5,locatedAt,SEOUL South Korea     North Koreas leader Kim   said on Sunday that his country was making final preparations to conduct its first test of an intercontinental ballistic missile     a bold statement less than a month before the inauguration of   Donald J Trump Although North Korea has conducted five nuclear tests in the last decade and more than 20 ballistic missile tests in 2016 alone and although it habitually threatens to attack the United States with nuclear weapons the country has never   an intercontinental ballistic missile or ICBM In his annual New Years Day speech which was broadcast on the Norths   KCTV on Sunday Mr Kim spoke proudly of the strides he said his country had made in its nuclear weapons and ballistic missile programs He said North Korea would continue to bolster its weapons programs as long as the United States remained hostile and continued its joint military exercises with South Korea,0.716175,which,Norths   KCTV
5,agentOf,SEOUL South Korea     North Koreas leader Kim   said on Sunday that his country was making final preparations to conduct its first test of an intercontinental ballistic missile     a bold statement less than a month before the inauguration of   Donald J Trump Although North Korea has conducted five nuclear tests in the last decade and more than 20 ballistic missile tests in 2016 alone and although it habitually threatens to attack the United States with nuclear weapons the country has never   an intercontinental ballistic missile or ICBM In his annual New Years Day speech which was broadcast on the Norths   KCTV on Sunday Mr Kim spoke proudly of the strides he said his country had made in its nuclear weapons and ballistic missile programs He said North Korea would continue to bolster its weapons programs as long as the United States remained hostile and continued its joint military exercises with South Korea,0.988931,he,said
5,ownerOf,SEOUL South Korea     North Koreas leader Kim   said on Sunday that his country was making final preparations to conduct its first test of an intercontinental ballistic missile     a bold statement less than a month before the inauguration of   Donald J Trump Although North Korea has conducted five nuclear tests in the last decade and more than 20 ballistic missile tests in 2016 alone and although it habitually threatens to attack the United States with nuclear weapons the country has never   an intercontinental ballistic missile or ICBM In his annual New Years Day speech which was broadcast on the Norths   KCTV on Sunday Mr Kim spoke proudly of the strides he said his country had made in its nuclear weapons and ballistic missile programs He said North Korea would continue to bolster its weapons programs as long as the United States remained hostile and continued its joint military exercises with South Korea,0.861027,its,nuclear weapons
5,agentOf,SEOUL South Korea     North Koreas leader Kim   said on Sunday that his country was making final preparations to conduct its first test of an intercontinental ballistic missile     a bold statement less than a month before the inauguration of   Donald J Trump Although North Korea has conducted five nuclear tests in the last decade and more than 20 ballistic missile tests in 2016 alone and although it habitually threatens to attack the United States with nuclear weapons the country has never   an intercontinental ballistic missile or ICBM In his annual New Years Day speech which was broadcast on the Norths   KCTV on Sunday Mr Kim spoke proudly of the strides he said his country had made in its nuclear weapons and ballistic missile programs He said North Korea would continue to bolster its weapons programs as long as the United States remained hostile and continued its joint military exercises with South Korea,0.981325,He,said
6,residesIn,LONDON     Queen Elizabeth II who has been battling a cold for more than a week missed a New Years Day church service at her country estate in Sandringham Buckingham Palace said on Sunday A week earlier the queen who is 90 missed a Christmas Day church service for the first time since 1988 because of the illness The Queen does not yet feel ready to attend church as she is still recuperating from a heavy cold the palace said in a statement The queens husband Prince Philip who had also been ill was well enough to attend both services in the church at Sandringham which is in Norfolk on the east coast of England The queen who ascended to the throne in 1952 became the worlds   monarch following the death of King Bhumibol Adulyadej of Thailand in October She is also Britains   monarch having last year surpassed Queen Victorias   reign Her,0.62872,Elizabeth II,LONDON     Queen
6,locatedAt,LONDON     Queen Elizabeth II who has been battling a cold for more than a week missed a New Years Day church service at her country estate in Sandringham Buckingham Palace said on Sunday A week earlier the queen who is 90 missed a Christmas Day church service for the first time since 1988 because of the illness The Queen does not yet feel ready to attend church as she is still recuperating from a heavy cold the palace said in a statement The queens husband Prince Philip who had also been ill was well enough to attend both services in the church at Sandringham which is in Norfolk on the east coast of England The queen who ascended to the throne in 1952 became the worlds   monarch following the death of King Bhumibol Adulyadej of Thailand in October She is also Britains   monarch having last year surpassed Queen Victorias   reign Her,0.41816,who,church
6,locatedAt,LONDON     Queen Elizabeth II who has been battling a cold for more than a week missed a New Years Day church service at her country estate in Sandringham Buckingham Palace said on Sunday A week earlier the queen who is 90 missed a Christmas Day church service for the first time since 1988 because of the illness The Queen does not yet feel ready to attend church as she is still recuperating from a heavy cold the palace said in a statement The queens husband Prince Philip who had also been ill was well enough to attend both services in the church at Sandringham which is in Norfolk on the east coast of England The queen who ascended to the throne in 1952 became the worlds   monarch following the death of King Bhumibol Adulyadej of Thailand in October She is also Britains   monarch having last year surpassed Queen Victorias   reign Her,0.960667,church,Sandringham which
6,locatedAt,LONDON     Queen Elizabeth II who has been battling a cold for more than a week missed a New Years Day church service at her country estate in Sandringham Buckingham Palace said on Sunday A week earlier the queen who is 90 missed a Christmas Day church service for the first time since 1988 because of the illness The Queen does not yet feel ready to attend church as she is still recuperating from a heavy cold the palace said in a statement The queens husband Prince Philip who had also been ill was well enough to attend both services in the church at Sandringham which is in Norfolk on the east coast of England The queen who ascended to the throne in 1952 became the worlds   monarch following the death of King Bhumibol Adulyadej of Thailand in October She is also Britains   monarch having last year surpassed Queen Victorias   reign Her,0.597027,Sandringham which,Norfolk
6,locatedAt,LONDON     Queen Elizabeth II who has been battling a cold for more than a week missed a New Years Day church service at her country estate in Sandringham Buckingham Palace said on Sunday A week earlier the queen who is 90 missed a Christmas Day church service for the first time since 1988 because of the illness The Queen does not yet feel ready to attend church as she is still recuperating from a heavy cold the palace said in a statement The queens husband Prince Philip who had also been ill was well enough to attend both services in the church at Sandringham which is in Norfolk on the east coast of England The queen who ascended to the throne in 1952 became the worlds   monarch following the death of King Bhumibol Adulyadej of Thailand in October She is also Britains   monarch having last year surpassed Queen Victorias   reign Her,0.833968,east coast,England
6,participantIn,LONDON     Queen Elizabeth II who has been battling a cold for more than a week missed a New Years Day church service at her country estate in Sandringham Buckingham Palace said on Sunday A week earlier the queen who is 90 missed a Christmas Day church service for the first time since 1988 because of the illness The Queen does not yet feel ready to attend church as she is still recuperating from a heavy cold the palace said in a statement The queens husband Prince Philip who had also been ill was well enough to attend both services in the church at Sandringham which is in Norfolk on the east coast of England The queen who ascended to the throne in 1952 became the worlds   monarch following the death of King Bhumibol Adulyadej of Thailand in October She is also Britains   monarch having last year surpassed Queen Victorias   reign Her,0.689692,monarch,worlds
6,locatedAt,LONDON     Queen Elizabeth II who has been battling a cold for more than a week missed a New Years Day church service at her country estate in Sandringham Buckingham Palace said on Sunday A week earlier the queen who is 90 missed a Christmas Day church service for the first time since 1988 because of the illness The Queen does not yet feel ready to attend church as she is still recuperating from a heavy cold the palace said in a statement The queens husband Prince Philip who had also been ill was well enough to attend both services in the church at Sandringham which is in Norfolk on the east coast of England The queen who ascended to the throne in 1952 became the worlds   monarch following the death of King Bhumibol Adulyadej of Thailand in October She is also Britains   monarch having last year surpassed Queen Victorias   reign Her,0.41087,monarch,Thailand
6,residesIn,LONDON     Queen Elizabeth II who has been battling a cold for more than a week missed a New Years Day church service at her country estate in Sandringham Buckingham Palace said on Sunday A week earlier the queen who is 90 missed a Christmas Day church service for the first time since 1988 because of the illness The Queen does not yet feel ready to attend church as she is still recuperating from a heavy cold the palace said in a statement The queens husband Prince Philip who had also been ill was well enough to attend both services in the church at Sandringham which is in Norfolk on the east coast of England The queen who ascended to the throne in 1952 became the worlds   monarch following the death of King Bhumibol Adulyadej of Thailand in October She is also Britains   monarch having last year surpassed Queen Victorias   reign Her,0.853484,King Bhumibol Adulyadej,Thailand
6,ownerOf,LONDON     Queen Elizabeth II who has been battling a cold for more than a week missed a New Years Day church service at her country estate in Sandringham Buckingham Palace said on Sunday A week earlier the queen who is 90 missed a Christmas Day church service for the first time since 1988 because of the illness The Queen does not yet feel ready to attend church as she is still recuperating from a heavy cold the palace said in a statement The queens husband Prince Philip who had also been ill was well enough to attend both services in the church at Sandringham which is in Norfolk on the east coast of England The queen who ascended to the throne in 1952 became the worlds   monarch following the death of King Bhumibol Adulyadej of Thailand in October She is also Britains   monarch having last year surpassed Queen Victorias   reign Her,0.410338,her,estate
6,locatedAt,LONDON     Queen Elizabeth II who has been battling a cold for more than a week missed a New Years Day church service at her country estate in Sandringham Buckingham Palace said on Sunday A week earlier the queen who is 90 missed a Christmas Day church service for the first time since 1988 because of the illness The Queen does not yet feel ready to attend church as she is still recuperating from a heavy cold the palace said in a statement The queens husband Prince Philip who had also been ill was well enough to attend both services in the church at Sandringham which is in Norfolk on the east coast of England The queen who ascended to the throne in 1952 became the worlds   monarch following the death of King Bhumibol Adulyadej of Thailand in October She is also Britains   monarch having last year surpassed Queen Victorias   reign Her,0.552709,estate,country
7,residesIn,BEIJING     President Tsai   of Taiwan sharply criticized Chinas leaders on Saturday saying they had resorted to military and economic threats in order to intimidate the island Step by step Beijing is going back to the old path of dividing coercing and even threatening and intimidating Taiwan she told journalists in Taipei the capital at a   news conference Tensions between Taiwan and China which have been rivals since the Communist Revolution of 1949 intensified in December after Ms Tsai spoke on the phone with the American   Donald J Trump breaking a longstanding diplomatic practice In recent weeks China has stepped up military activities near Taiwan sending its sole aircraft carrier through the waters near the island and dispatching military planes in the region On Monday Beijing announced that So Tom and Prncipe an island nation off the west coast of Africa that was one of Taiwans fewer than two dozen remaining diplomatic,0.467328,President,BEIJING
7,participantIn,BEIJING     President Tsai   of Taiwan sharply criticized Chinas leaders on Saturday saying they had resorted to military and economic threats in order to intimidate the island Step by step Beijing is going back to the old path of dividing coercing and even threatening and intimidating Taiwan she told journalists in Taipei the capital at a   news conference Tensions between Taiwan and China which have been rivals since the Communist Revolution of 1949 intensified in December after Ms Tsai spoke on the phone with the American   Donald J Trump breaking a longstanding diplomatic practice In recent weeks China has stepped up military activities near Taiwan sending its sole aircraft carrier through the waters near the island and dispatching military planes in the region On Monday Beijing announced that So Tom and Prncipe an island nation off the west coast of Africa that was one of Taiwans fewer than two dozen remaining diplomatic,0.603011,China,news conference
7,timeOf,BEIJING     President Tsai   of Taiwan sharply criticized Chinas leaders on Saturday saying they had resorted to military and economic threats in order to intimidate the island Step by step Beijing is going back to the old path of dividing coercing and even threatening and intimidating Taiwan she told journalists in Taipei the capital at a   news conference Tensions between Taiwan and China which have been rivals since the Communist Revolution of 1949 intensified in December after Ms Tsai spoke on the phone with the American   Donald J Trump breaking a longstanding diplomatic practice In recent weeks China has stepped up military activities near Taiwan sending its sole aircraft carrier through the waters near the island and dispatching military planes in the region On Monday Beijing announced that So Tom and Prncipe an island nation off the west coast of Africa that was one of Taiwans fewer than two dozen remaining diplomatic,0.487698,1949,news conference
7,agentOf,BEIJING     President Tsai   of Taiwan sharply criticized Chinas leaders on Saturday saying they had resorted to military and economic threats in order to intimidate the island Step by step Beijing is going back to the old path of dividing coercing and even threatening and intimidating Taiwan she told journalists in Taipei the capital at a   news conference Tensions between Taiwan and China which have been rivals since the Communist Revolution of 1949 intensified in December after Ms Tsai spoke on the phone with the American   Donald J Trump breaking a longstanding diplomatic practice In recent weeks China has stepped up military activities near Taiwan sending its sole aircraft carrier through the waters near the island and dispatching military planes in the region On Monday Beijing announced that So Tom and Prncipe an island nation off the west coast of Africa that was one of Taiwans fewer than two dozen remaining diplomatic,0.9725,Ms Tsai,spoke
7,employedBy,BEIJING     President Tsai   of Taiwan sharply criticized Chinas leaders on Saturday saying they had resorted to military and economic threats in order to intimidate the island Step by step Beijing is going back to the old path of dividing coercing and even threatening and intimidating Taiwan she told journalists in Taipei the capital at a   news conference Tensions between Taiwan and China which have been rivals since the Communist Revolution of 1949 intensified in December after Ms Tsai spoke on the phone with the American   Donald J Trump breaking a longstanding diplomatic practice In recent weeks China has stepped up military activities near Taiwan sending its sole aircraft carrier through the waters near the island and dispatching military planes in the region On Monday Beijing announced that So Tom and Prncipe an island nation off the west coast of Africa that was one of Taiwans fewer than two dozen remaining diplomatic,0.555674,Donald J Trump,American
7,locatedAt,BEIJING     President Tsai   of Taiwan sharply criticized Chinas leaders on Saturday saying they had resorted to military and economic threats in order to intimidate the island Step by step Beijing is going back to the old path of dividing coercing and even threatening and intimidating Taiwan she told journalists in Taipei the capital at a   news conference Tensions between Taiwan and China which have been rivals since the Communist Revolution of 1949 intensified in December after Ms Tsai spoke on the phone with the American   Donald J Trump breaking a longstanding diplomatic practice In recent weeks China has stepped up military activities near Taiwan sending its sole aircraft carrier through the waters near the island and dispatching military planes in the region On Monday Beijing announced that So Tom and Prncipe an island nation off the west coast of Africa that was one of Taiwans fewer than two dozen remaining diplomatic,0.413468,Donald J Trump,waters
7,locatedAt,BEIJING     President Tsai   of Taiwan sharply criticized Chinas leaders on Saturday saying they had resorted to military and economic threats in order to intimidate the island Step by step Beijing is going back to the old path of dividing coercing and even threatening and intimidating Taiwan she told journalists in Taipei the capital at a   news conference Tensions between Taiwan and China which have been rivals since the Communist Revolution of 1949 intensified in December after Ms Tsai spoke on the phone with the American   Donald J Trump breaking a longstanding diplomatic practice In recent weeks China has stepped up military activities near Taiwan sending its sole aircraft carrier through the waters near the island and dispatching military planes in the region On Monday Beijing announced that So Tom and Prncipe an island nation off the west coast of Africa that was one of Taiwans fewer than two dozen remaining diplomatic,0.68505,aircraft carrier,waters
7,locatedAt,BEIJING     President Tsai   of Taiwan sharply criticized Chinas leaders on Saturday saying they had resorted to military and economic threats in order to intimidate the island Step by step Beijing is going back to the old path of dividing coercing and even threatening and intimidating Taiwan she told journalists in Taipei the capital at a   news conference Tensions between Taiwan and China which have been rivals since the Communist Revolution of 1949 intensified in December after Ms Tsai spoke on the phone with the American   Donald J Trump breaking a longstanding diplomatic practice In recent weeks China has stepped up military activities near Taiwan sending its sole aircraft carrier through the waters near the island and dispatching military planes in the region On Monday Beijing announced that So Tom and Prncipe an island nation off the west coast of Africa that was one of Taiwans fewer than two dozen remaining diplomatic,0.770892,waters,island
7,locatedAt,BEIJING     President Tsai   of Taiwan sharply criticized Chinas leaders on Saturday saying they had resorted to military and economic threats in order to intimidate the island Step by step Beijing is going back to the old path of dividing coercing and even threatening and intimidating Taiwan she told journalists in Taipei the capital at a   news conference Tensions between Taiwan and China which have been rivals since the Communist Revolution of 1949 intensified in December after Ms Tsai spoke on the phone with the American   Donald J Trump breaking a longstanding diplomatic practice In recent weeks China has stepped up military activities near Taiwan sending its sole aircraft carrier through the waters near the island and dispatching military planes in the region On Monday Beijing announced that So Tom and Prncipe an island nation off the west coast of Africa that was one of Taiwans fewer than two dozen remaining diplomatic,0.6429,planes,region
7,agentOf,BEIJING     President Tsai   of Taiwan sharply criticized Chinas leaders on Saturday saying they had resorted to military and economic threats in order to intimidate the island Step by step Beijing is going back to the old path of dividing coercing and even threatening and intimidating Taiwan she told journalists in Taipei the capital at a   news conference Tensions between Taiwan and China which have been rivals since the Communist Revolution of 1949 intensified in December after Ms Tsai spoke on the phone with the American   Donald J Trump breaking a longstanding diplomatic practice In recent weeks China has stepped up military activities near Taiwan sending its sole aircraft carrier through the waters near the island and dispatching military planes in the region On Monday Beijing announced that So Tom and Prncipe an island nation off the west coast of Africa that was one of Taiwans fewer than two dozen remaining diplomatic,0.62938,Beijing,announced
8,partOfMany,Danny Cahill stood slightly dazed in a blizzard of confetti as the audience screamed and his family ran on stage He had won Season 8 of NBCs reality television show The Biggest Loser shedding more weight than anyone ever had on the program     an astonishing 239 pounds in seven months When he got on the scale for all to see that evening Dec 8,0.274093,his,family
8,partOfMany,were intensifying their effort to pull the contestants back to their original weight Mr Cahill was one of the worst off As he regained more than 100 pounds his metabolism slowed so much that just to maintain his current weight of 295 pounds he now has to eat 800 calories a day less than a typical man his size Anything more turns to fat The struggles the contestants went through help explain why it has been so hard to make headway against the nations obesity problem which afflicts more than a third of American adults Despite spending billions of dollars on   drugs and dieting programs even the most motivated are working against their own biology Their experience shows that the body will fight back for years And that said Dr Michael Schwartz an obesity and diabetes researcher who is a professor of medicine at the University of Washington is new and,0.891913,adults,American
8,agentOf,were intensifying their effort to pull the contestants back to their original weight Mr Cahill was one of the worst off As he regained more than 100 pounds his metabolism slowed so much that just to maintain his current weight of 295 pounds he now has to eat 800 calories a day less than a typical man his size Anything more turns to fat The struggles the contestants went through help explain why it has been so hard to make headway against the nations obesity problem which afflicts more than a third of American adults Despite spending billions of dollars on   drugs and dieting programs even the most motivated are working against their own biology Their experience shows that the body will fight back for years And that said Dr Michael Schwartz an obesity and diabetes researcher who is a professor of medicine at the University of Washington is new and,0.609963,Dr,said
8,agentOf,important  The key point is that you can be on TV you can lose enormous amounts of weight you can go on for six years but you cant get away from a basic biological reality said Dr Schwartz who was not involved in the study As long as you are below your initial weight your body is going to try to get you back  The shows doctor Robert Huizenga says he expected the contestants metabolic rates to fall just after the show but was hoping for a smaller drop He questioned though whether the measurements six years later were accurate But maintaining weight loss is difficult he said which is why he tells contestants that they should exercise at least nine hours a week and monitor their diets to keep the weight off Unfortunately many contestants are unable to find or afford adequate ongoing support with exercise doctors psychologists sleep specialists,0.810965,Dr,said
8,hasAttribute,were intensifying their effort to pull the contestants back to their original weight Mr Cahill was one of the worst off As he regained more than 100 pounds his metabolism slowed so much that just to maintain his current weight of 295 pounds he now has to eat 800 calories a day less than a typical man his size Anything more turns to fat The struggles the contestants went through help explain why it has been so hard to make headway against the nations obesity problem which afflicts more than a third of American adults Despite spending billions of dollars on   drugs and dieting programs even the most motivated are working against their own biology Their experience shows that the body will fight back for years And that said Dr Michael Schwartz an obesity and diabetes researcher who is a professor of medicine at the University of Washington is new and,0.622636,researcher,diabetes
8,employedBy,were intensifying their effort to pull the contestants back to their original weight Mr Cahill was one of the worst off As he regained more than 100 pounds his metabolism slowed so much that just to maintain his current weight of 295 pounds he now has to eat 800 calories a day less than a typical man his size Anything more turns to fat The struggles the contestants went through help explain why it has been so hard to make headway against the nations obesity problem which afflicts more than a third of American adults Despite spending billions of dollars on   drugs and dieting programs even the most motivated are working against their own biology Their experience shows that the body will fight back for years And that said Dr Michael Schwartz an obesity and diabetes researcher who is a professor of medicine at the University of Washington is new and,0.492118,who,University of Washington
8,employedBy,were intensifying their effort to pull the contestants back to their original weight Mr Cahill was one of the worst off As he regained more than 100 pounds his metabolism slowed so much that just to maintain his current weight of 295 pounds he now has to eat 800 calories a day less than a typical man his size Anything more turns to fat The struggles the contestants went through help explain why it has been so hard to make headway against the nations obesity problem which afflicts more than a third of American adults Despite spending billions of dollars on   drugs and dieting programs even the most motivated are working against their own biology Their experience shows that the body will fight back for years And that said Dr Michael Schwartz an obesity and diabetes researcher who is a professor of medicine at the University of Washington is new and,0.840417,professor of medicine,University of Washington
8,agentOf,important  The key point is that you can be on TV you can lose enormous amounts of weight you can go on for six years but you cant get away from a basic biological reality said Dr Schwartz who was not involved in the study As long as you are below your initial weight your body is going to try to get you back  The shows doctor Robert Huizenga says he expected the contestants metabolic rates to fall just after the show but was hoping for a smaller drop He questioned though whether the measurements six years later were accurate But maintaining weight loss is difficult he said which is why he tells contestants that they should exercise at least nine hours a week and monitor their diets to keep the weight off Unfortunately many contestants are unable to find or afford adequate ongoing support with exercise doctors psychologists sleep specialists,0.997887,Robert Huizenga,says
8,agentOf,important  The key point is that you can be on TV you can lose enormous amounts of weight you can go on for six years but you cant get away from a basic biological reality said Dr Schwartz who was not involved in the study As long as you are below your initial weight your body is going to try to get you back  The shows doctor Robert Huizenga says he expected the contestants metabolic rates to fall just after the show but was hoping for a smaller drop He questioned though whether the measurements six years later were accurate But maintaining weight loss is difficult he said which is why he tells contestants that they should exercise at least nine hours a week and monitor their diets to keep the weight off Unfortunately many contestants are unable to find or afford adequate ongoing support with exercise doctors psychologists sleep specialists,0.996496,He,questioned
8,agentOf,important  The key point is that you can be on TV you can lose enormous amounts of weight you can go on for six years but you cant get away from a basic biological reality said Dr Schwartz who was not involved in the study As long as you are below your initial weight your body is going to try to get you back  The shows doctor Robert Huizenga says he expected the contestants metabolic rates to fall just after the show but was hoping for a smaller drop He questioned though whether the measurements six years later were accurate But maintaining weight loss is difficult he said which is why he tells contestants that they should exercise at least nine hours a week and monitor their diets to keep the weight off Unfortunately many contestants are unable to find or afford adequate ongoing support with exercise doctors psychologists sleep specialists,0.980853,he,said
9,managerOf,Just how   is Hillary Kerr the    founder of a   digital media company in Los Angeles She can tell you what song was playing five years ago on the jukebox at the bar where she somewhat randomly met the man who became her husband It was These Days the version sung by Nico the German   made famous by Andy Warhol and the Velvet Underground Actually the song had been playing just before she met Jonathan Leahy now 38 on that December night in 2011 at the 4100 Bar in the Silver Lake district of Los Angeles Ms Kerr cant remember exactly what was playing when they met because at that moment she was jumping up and down like Tigger as she put it In answering the usual     questions Mr Leahy told her he was a music supervisor for Girls the HBO show created by and starring Lena Dunham That was enough to,0.37758,founder,media company
9,partOf,Just how   is Hillary Kerr the    founder of a   digital media company in Los Angeles She can tell you what song was playing five years ago on the jukebox at the bar where she somewhat randomly met the man who became her husband It was These Days the version sung by Nico the German   made famous by Andy Warhol and the Velvet Underground Actually the song had been playing just before she met Jonathan Leahy now 38 on that December night in 2011 at the 4100 Bar in the Silver Lake district of Los Angeles Ms Kerr cant remember exactly what was playing when they met because at that moment she was jumping up and down like Tigger as she put it In answering the usual     questions Mr Leahy told her he was a music supervisor for Girls the HBO show created by and starring Lena Dunham That was enough to,0.687082,Silver Lake district,Los Angeles Ms Kerr
9,agentOf,reside The structure was wrapped in white peonies Sahara roses and camellia greens Readings Mr Leahys family is Roman Catholic Ms Kerrs parents John and Carole Kerr are more spiritual than religiously observant Many of the guests had an artistic bent The bride and groom planned accordingly Marshall Goldsmith an executive coach author and lifelong family friend of Ms Kerr officiated Friends and relatives stood to read poems from James Kavanaugh and Mary Oliver as well as a passage from the Supreme Courts 2015 ruling legalizing   marriage A little Catholic priest a little lesbian Pulitzer Prize winner a little equal rights for all Ms Kerr explained after the ceremony,0.49386,Supreme Courts,ruling
9,timeOf,reside The structure was wrapped in white peonies Sahara roses and camellia greens Readings Mr Leahys family is Roman Catholic Ms Kerrs parents John and Carole Kerr are more spiritual than religiously observant Many of the guests had an artistic bent The bride and groom planned accordingly Marshall Goldsmith an executive coach author and lifelong family friend of Ms Kerr officiated Friends and relatives stood to read poems from James Kavanaugh and Mary Oliver as well as a passage from the Supreme Courts 2015 ruling legalizing   marriage A little Catholic priest a little lesbian Pulitzer Prize winner a little equal rights for all Ms Kerr explained after the ceremony,0.898194,2015,ruling
9,partOfMany,reside The structure was wrapped in white peonies Sahara roses and camellia greens Readings Mr Leahys family is Roman Catholic Ms Kerrs parents John and Carole Kerr are more spiritual than religiously observant Many of the guests had an artistic bent The bride and groom planned accordingly Marshall Goldsmith an executive coach author and lifelong family friend of Ms Kerr officiated Friends and relatives stood to read poems from James Kavanaugh and Mary Oliver as well as a passage from the Supreme Courts 2015 ruling legalizing   marriage A little Catholic priest a little lesbian Pulitzer Prize winner a little equal rights for all Ms Kerr explained after the ceremony,0.56116,priest,Catholic
9,awardedTo,reside The structure was wrapped in white peonies Sahara roses and camellia greens Readings Mr Leahys family is Roman Catholic Ms Kerrs parents John and Carole Kerr are more spiritual than religiously observant Many of the guests had an artistic bent The bride and groom planned accordingly Marshall Goldsmith an executive coach author and lifelong family friend of Ms Kerr officiated Friends and relatives stood to read poems from James Kavanaugh and Mary Oliver as well as a passage from the Supreme Courts 2015 ruling legalizing   marriage A little Catholic priest a little lesbian Pulitzer Prize winner a little equal rights for all Ms Kerr explained after the ceremony,0.85425,Pulitzer Prize,winner
9,participantIn,Just how   is Hillary Kerr the    founder of a   digital media company in Los Angeles She can tell you what song was playing five years ago on the jukebox at the bar where she somewhat randomly met the man who became her husband It was These Days the version sung by Nico the German   made famous by Andy Warhol and the Velvet Underground Actually the song had been playing just before she met Jonathan Leahy now 38 on that December night in 2011 at the 4100 Bar in the Silver Lake district of Los Angeles Ms Kerr cant remember exactly what was playing when they met because at that moment she was jumping up and down like Tigger as she put it In answering the usual     questions Mr Leahy told her he was a music supervisor for Girls the HBO show created by and starring Lena Dunham That was enough to,0.70705,they,met
9,agentOf,Just how   is Hillary Kerr the    founder of a   digital media company in Los Angeles She can tell you what song was playing five years ago on the jukebox at the bar where she somewhat randomly met the man who became her husband It was These Days the version sung by Nico the German   made famous by Andy Warhol and the Velvet Underground Actually the song had been playing just before she met Jonathan Leahy now 38 on that December night in 2011 at the 4100 Bar in the Silver Lake district of Los Angeles Ms Kerr cant remember exactly what was playing when they met because at that moment she was jumping up and down like Tigger as she put it In answering the usual     questions Mr Leahy told her he was a music supervisor for Girls the HBO show created by and starring Lena Dunham That was enough to,0.757115,she,answering
9,agentOf,He had a friend who wanted to get into the fashion industry Ms Kerr Mr Leahy and his friend met for a long boozy brunch They began to email and text a bit There was banter Ms Kerr said but neither knew the interest or intention of the other A few months later she texted to ask if he could help her score a ticket to see the band Lord Huron Mr Leahy happens to be a friend of Ben Schneider the bands lead singer and had an extra ticket This was one of those moments where the universe conspires to make you seem cooler than you actually are Mr Leahy said He and Ms Kerr met up at the show That is when Mr Leahy and Ms Kerr moved into the ambiguous mixtape era in which for months they emailed and texted each other with coy are we just friends,0.536344,you,said
9,agentOf,Just how   is Hillary Kerr the    founder of a   digital media company in Los Angeles She can tell you what song was playing five years ago on the jukebox at the bar where she somewhat randomly met the man who became her husband It was These Days the version sung by Nico the German   made famous by Andy Warhol and the Velvet Underground Actually the song had been playing just before she met Jonathan Leahy now 38 on that December night in 2011 at the 4100 Bar in the Silver Lake district of Los Angeles Ms Kerr cant remember exactly what was playing when they met because at that moment she was jumping up and down like Tigger as she put it In answering the usual     questions Mr Leahy told her he was a music supervisor for Girls the HBO show created by and starring Lena Dunham That was enough to,0.992187,Leahy,told
10,locatedAt,Angels are everywhere in the Muiz familys apartment in the Bronx paintings of angels on the wall ceramic angels flanking the ancient VCR angels strumming lyres or blowing little golden trumpets on the bathroom shelves As Jos and Zoraida Muiz and their children have struggled to deal with a   series of trials and setbacks including cancer debilitating epilepsy deep depression and near eviction it has sometimes seemed as if angels and love were the only forces holding things together Zoraidas early life in Puerto Rico was like something from a tropical Dickens novel She and her siblings and mother built a house by hand after a hurricane ravaged their home and the childrens father withdrew support Then Zoraidas grandfather     the father of her absent father     destroyed the house in a rage She was barely a teenager when she met Jos a Vietnam War veteran With permission from her uncle a judge,0.820083,apartment,Bronx
10,hasAttribute,they were married She was 14 He was 29 They moved to New York in 1983 and started a new life He built boilers She worked in construction using skills she learned as a child and in a clothing store But in 1987 Mr Muiz began having violent seizures     eight or 10 a day They did not respond to medication He could no longer work She stopped working to take care of him Still determined to live something like a normal life they started a family Their first child Jos Jr had a heart defect By the time he was 2,0.896099,She,14
10,hasAttribute,they were married She was 14 He was 29 They moved to New York in 1983 and started a new life He built boilers She worked in construction using skills she learned as a child and in a clothing store But in 1987 Mr Muiz began having violent seizures     eight or 10 a day They did not respond to medication He could no longer work She stopped working to take care of him Still determined to live something like a normal life they started a family Their first child Jos Jr had a heart defect By the time he was 2,0.932299,He,29
10,partOfMany,they were married She was 14 He was 29 They moved to New York in 1983 and started a new life He built boilers She worked in construction using skills she learned as a child and in a clothing store But in 1987 Mr Muiz began having violent seizures     eight or 10 a day They did not respond to medication He could no longer work She stopped working to take care of him Still determined to live something like a normal life they started a family Their first child Jos Jr had a heart defect By the time he was 2,0.55396,He,They
10,hasAttribute,they were married She was 14 He was 29 They moved to New York in 1983 and started a new life He built boilers She worked in construction using skills she learned as a child and in a clothing store But in 1987 Mr Muiz began having violent seizures     eight or 10 a day They did not respond to medication He could no longer work She stopped working to take care of him Still determined to live something like a normal life they started a family Their first child Jos Jr had a heart defect By the time he was 2,0.367753,They,29
10,locatedAt,they were married She was 14 He was 29 They moved to New York in 1983 and started a new life He built boilers She worked in construction using skills she learned as a child and in a clothing store But in 1987 Mr Muiz began having violent seizures     eight or 10 a day They did not respond to medication He could no longer work She stopped working to take care of him Still determined to live something like a normal life they started a family Their first child Jos Jr had a heart defect By the time he was 2,0.494526,They,New York
10,locatedAt,they were married She was 14 He was 29 They moved to New York in 1983 and started a new life He built boilers She worked in construction using skills she learned as a child and in a clothing store But in 1987 Mr Muiz began having violent seizures     eight or 10 a day They did not respond to medication He could no longer work She stopped working to take care of him Still determined to live something like a normal life they started a family Their first child Jos Jr had a heart defect By the time he was 2,0.465782,He,clothing store
10,hasAttribute,they were married She was 14 He was 29 They moved to New York in 1983 and started a new life He built boilers She worked in construction using skills she learned as a child and in a clothing store But in 1987 Mr Muiz began having violent seizures     eight or 10 a day They did not respond to medication He could no longer work She stopped working to take care of him Still determined to live something like a normal life they started a family Their first child Jos Jr had a heart defect By the time he was 2,0.813177,Muiz,seizures
10,parentOf,they were married She was 14 He was 29 They moved to New York in 1983 and started a new life He built boilers She worked in construction using skills she learned as a child and in a clothing store But in 1987 Mr Muiz began having violent seizures     eight or 10 a day They did not respond to medication He could no longer work She stopped working to take care of him Still determined to live something like a normal life they started a family Their first child Jos Jr had a heart defect By the time he was 2,0.36776,Their,child
10,parentOf,he had had six   operations Thats where the angels came in     the first one was a painting a gift from a cousin  When they operated on my son they told me he was an angel because he was supposed to die Ms Muiz 50 said From there I figured that angels are taking care of me and protecting me and my family  All the angels are gifts from friends and relatives or picked up off the street just like all the furniture in the Muizes overstuffed apartment in a   complex on Westchester Avenue in the Bronx much of it restored by Ms Muiz So many people throw away things so I dont have to buy she said A second son Jesus became epileptic at 3,0.863449,my,son
