news_index,entities,entities_type,entities_relevance,entities_sentiment_score,entities_subtype
1,Trump administration,Organization,0.953262,-0.973997,NA
1,Obama administration,Organization,0.884222,-0.973997,NA
1,Donald J,Person,0.359394,-0.973997,NA
1,WASHINGTON,Location,0.346369,-0.973997,NA
1,House,Organization,0.341503,-0.973997,NA
1,District of Columbia Circuit,Organization,0.2957,-0.973997,NA
1,Obama,Person,0.264392,-0.973997,"['Politician', 'President', 'Appointer', 'AwardWinner', 'Celebrity', 'PoliticalAppointer', 'U.S.Congressperson', 'USPresident', 'TVActor']"
1,Capitol Hill,GeographicFeature,0.21032,-0.973997,NA
1,United States Court of Appeals,Organization,0.187327,-0.973997,NA
1,Phillip J Blando,Person,0.186801,-0.973997,NA
2,Harlem River,GeographicFeature,0.951589,-0.95301,"['Location', 'BodyOfWater', 'River']"
2,Manhattan,Location,0.914485,-0.95301,NA
2,Bronx,Location,0.769135,-0.95301,NA
2,New York City,Location,0.564902,-0.95301,NA
2,Police Headquarters,Organization,0.464355,-0.95301,NA
2,Police Department,Organization,0.420868,-0.95301,NA
2,New York Times,PrintMedia,0.396119,-0.95301,"['Organization', 'Company', 'AwardPresentingOrganization', 'AwardWinner', 'CompanyShareholder', 'Newspaper']"
2,Upper Manhattan,Location,0.190923,-0.95301,NA
2,Lower Manhattan,Location,0.126424,-0.95301,NA
2,NA,NA,NA,NA,NA
3,Walt Disneys Bambi,Person,0.950753,0,NA
3,Mr Wong,Person,0.829948,0,NA
3,Tyrus Wong,Person,0.774391,0,NA
3,Bambi,Person,0.493935,0,NA
3,Disney,Person,0.403664,0,NA
3,Hollywood,Location,0.296316,0,NA
3,Disney,Company,0.270611,0,NA
3,America,Location,0.24378,0,"['Region', 'AdministrativeDivision', 'Country', 'GovernmentalJurisdiction', 'FilmEditor']"
3,Picasso Matisse,Person,0.195759,0,NA
3,Art Institute of Chicago,Organization,0.128185,0,"['Location', 'Facility', 'AwardPresentingOrganization', 'TouristAttraction', 'Building', 'Museum']"
4,Debbie Reynolds,Person,0.95056,-0.979398,"['Actor', 'MusicalArtist', 'AwardNominee', 'AwardWinner', 'FilmActor', 'TVActor']"
4,Carrie Fisher,Person,0.944251,-0.979398,"['Actor', 'AwardNominee', 'Celebrity', 'FilmActor', 'TVActor', 'FilmWriter', 'TVWriter']"
4,Arnold Palmer,Person,0.90029,-0.979398,"['SportsTeam', 'AwardWinner', 'Golfer', 'HallOfFameInductee', 'FilmActor']"
4,Muhammad Ali,Person,0.883667,-0.979398,NA
4,Prince Rogers Nelson,Person,0.83806,-0.979398,"['MusicalGroup', 'Composer', 'MusicalArtist', 'AwardNominee', 'AwardWinner', 'BroadcastArtist', 'Celebrity', 'FilmDirector', 'FilmMusicContributor', 'Guitarist', 'HallOfFameInductee', 'MusicalGroupMember', 'RecordProducer', 'FilmActor', 'FilmWriter', 'TVActor']"
4,David Bowie,Person,0.790415,-0.979398,"['Composer', 'MusicalArtist', 'AwardNominee', 'AwardWinner', 'BroadcastArtist', 'Celebrity', 'FilmMusicContributor', 'Guitarist', 'HallOfFameInductee', 'Lyricist', 'MusicalGroupMember', 'RecordProducer', 'Songwriter', 'FilmActor', 'TVActor']"
4,Hollywood,Location,0.615445,-0.979398,NA
4,cancer,HealthCondition,0.454361,-0.979398,NA
4,Minneapolis,Location,0.440268,-0.979398,NA
4,Leonard Cohen,Person,0.440031,-0.979398,"['Composer', 'MusicalArtist', 'AwardNominee', 'AwardWinner', 'BroadcastArtist', 'FilmMusicContributor', 'Guitarist', 'HallOfFameInductee', 'Lyricist', 'MusicalGroupMember', 'Songwriter', 'ConcertTour', 'FilmActor', 'TVActor']"
5,Mr Kim,Person,0.952258,0,NA
5,South Korea,Location,0.878474,0,"['Country', 'GovernmentalJurisdiction']"
5,North Koreas,Location,0.837206,0,NA
5,North Korea,Location,0.80266,0,"['Country', 'GovernmentalJurisdiction']"
5,Donald J Trump,Person,0.764085,0,NA
5,Norths   KCTV,Organization,0.637548,0,NA
5,United States,Location,0.518789,0,"['Region', 'AdministrativeDivision', 'Country', 'GovernmentalJurisdiction', 'FilmEditor']"
5,SEOUL,Location,0.45819,0,NA
5,Mr Trump,Person,0.405951,0,NA
5,Kim,Person,0.367385,0,NA
6,Sandringham Buckingham Palace,Facility,0.950981,-0.959358,NA
6,Queen Elizabeth II,Person,0.692054,-0.959358,NA
6,LONDON,Location,0.412033,-0.959358,NA
6,Prince Philip,Person,0.402872,-0.959358,"['ChivalricOrderMember', 'MilitaryPerson', 'NoblePerson']"
6,Sandringham,Location,0.321984,-0.959358,NA
6,Norfolk,Location,0.220656,-0.959358,NA
6,east coast,GeographicFeature,0.206864,-0.959358,NA
6,King Bhumibol Adulyadej,Person,0.184757,-0.959358,"['Composer', 'Politician', 'ChivalricOrderMember', 'Monarch', 'NoblePerson']"
6,England,Location,0.149174,-0.959358,"['PoliticalDistrict', 'AdministrativeDivision', 'Country', 'GovernmentalJurisdiction']"
6,Queen Victorias,Person,0.096642,-0.959358,NA
7,Taiwan,Location,0.959335,-0.903333,NA
7,Ms Tsai,Person,0.862495,-0.903333,NA
7,President Tsai,Person,0.601056,-0.903333,NA
7,Beijing,Location,0.514661,-0.903333,NA
7,Donald J Trump,Person,0.466643,-0.903333,NA
7,Prncipe,Person,0.387557,-0.903333,NA
7,China,Location,0.32313,-0.903333,"['Region', 'AdministrativeDivision', 'Country', 'GovernmentalJurisdiction', 'Kingdom', 'FilmScreeningVenue']"
7,Taipei,Location,0.28035,-0.903333,NA
7,BEIJING,Location,0.270176,-0.903333,NA
7,west coast,Location,0.167853,-0.903333,NA
8,Danny Cahill,Person,0.950251,-0.871473,NA
8,239 pounds,Quantity,0.858515,-0.871473,NA
8,191 pounds,Quantity,0.818591,-0.871473,NA
8,Mr Cahill,Person,0.752868,-0.871473,NA
8,100 pounds,Quantity,0.640983,-0.871473,NA
8,Regis Philbin,Person,0.475327,-0.871473,"['MusicalArtist', 'AwardWinner', 'Celebrity', 'HallOfFameInductee', 'TVPersonality', 'FilmActor', 'TVActor']"
8,Joy Behar,Person,0.47165,-0.871473,"['Actor', 'FilmActor', 'TVPersonality']"
8,Jay Leno,Person,0.407688,-0.871473,"['AwardNominee', 'AwardWinner', 'Collector', 'Comedian', 'TVPersonality', 'FilmActor', 'TVActor']"
8,Hollywood,Location,0.308239,-0.871473,NA
8,Kevin Hall,Person,0.296469,-0.871473,"['Athlete', 'FootballPlayer']"
9,Mr Leahy,Person,0.955191,0,NA
9,Ms Kerr,Person,0.468805,0,NA
9,Hillary Kerr,Person,0.423027,0,NA
9,Jonathan Leahy,Person,0.351106,0,NA
9,4100 Bar,Quantity,0.340014,0,NA
9,Los Angeles,Location,0.298324,0,NA
9,Lena Dunham,Person,0.276119,0,NA
9,Andy Warhol,Person,0.207704,0,"['MusicalArtist', 'Architect', 'FilmCinematographer', 'FilmDirector', 'FilmProducer', 'OperaCharacter', 'RecordProducer', 'VisualArtist', 'FilmActor', 'FilmWriter', 'TVActor']"
9,Nico,Person,0.204577,0,"['MusicalArtist', 'MusicalGroupMember', 'FilmActor']"
9,Silver Lake,GeographicFeature,0.194562,0,NA
10,Zoraida Muiz,Person,0.950015,-0.944112,NA
10,epilepsy deep depression,HealthCondition,0.898558,-0.944112,NA
10,Zoraidas,Person,0.750474,-0.944112,NA
10,Jos,Person,0.589166,-0.944112,NA
10,Bronx,Location,0.574018,-0.944112,NA
10,Mr Muiz,Person,0.555985,-0.944112,NA
10,Angels,Organization,0.484512,-0.944112,NA
10,Puerto Rico,Location,0.431954,-0.944112,"['GeographicFeature', 'AdministrativeDivision', 'Country', 'GovernmentalJurisdiction', 'Island', 'USTerritory']"
10,Jos Jr,Person,0.418554,-0.944112,NA
10,heart defect,HealthCondition,0.409364,-0.944112,['Disease']
11,Mr Trump,Person,0.956845,-0.630438,NA
11,Mr Trumps,Person,0.704615,-0.630438,NA
11,Donald J Trump,Person,0.680524,-0.630438,NA
11,federal Treasury,Organization,0.45795,-0.630438,NA
11,White House,Organization,0.29607,-0.630438,NA
11,Statoil,Company,0.258266,-0.630438,NA
11,New York State,Location,0.257746,-0.630438,NA
11,federal government,Organization,0.242508,-0.630438,NA
11,Gulf of Mexico,Location,0.212807,-0.630438,NA
11,America,Location,0.108829,-0.630438,"['Region', 'AdministrativeDivision', 'Country', 'GovernmentalJurisdiction', 'FilmEditor']"
12,Petra Nova,Location,0.952545,0.542011,NA
12,Donald J Trump,Person,0.835981,0.542011,NA
12,Mr Trumps,Person,0.776177,0.542011,NA
12,NRGs,Company,0.588283,0.542011,['School']
12,90 percent,Quantity,0.574395,0.542011,NA
12,240 megawatts,Quantity,0.551835,0.542011,NA
12,700 megawatts,Quantity,0.522731,0.542011,NA
12,6 million tons,Quantity,0.472586,0.542011,NA
12,5 billion miles,Quantity,0.426495,0.542011,NA
12,30 miles,Quantity,0.384489,0.542011,NA
13,Donald J Trump,Person,0.949283,-0.755298,NA
13,Mr Trumps    resort,Facility,0.870407,-0.755298,NA
13,Mr Trumps   private club,Organization,0.785924,-0.755298,NA
13,Marjorie Meriweather,Person,0.697773,-0.755298,NA
13,Mr Trump,Person,0.672155,-0.755298,NA
13,Palm Beach,GeographicFeature,0.627976,-0.755298,NA
13,Sylvester Stallone,Person,0.59806,-0.755298,"['Actor', 'AwardNominee', 'AwardWinner', 'Celebrity', 'FilmActor', 'FilmDirector', 'FilmProducer', 'TVActor', 'TVProducer', 'FilmWriter']"
13,WEST PALM BEACH,Location,0.557765,-0.755298,NA
13,Fla,Location,0.556398,-0.755298,NA
13,Kennebunkport,Location,0.55486,-0.755298,NA
14,New Mexico State University,Organization,0.978348,0.400512,"['CollegeUniversity', 'University']"
14,NA,NA,NA,NA,NA
14,NA,NA,NA,NA,NA
14,NA,NA,NA,NA,NA
14,NA,NA,NA,NA,NA
14,NA,NA,NA,NA,NA
14,NA,NA,NA,NA,NA
14,NA,NA,NA,NA,NA
14,NA,NA,NA,NA,NA
14,NA,NA,NA,NA,NA
15,Mpix,Company,0.952007,0.955344,['Broadcast']
15,Snapfish,Company,0.665879,0.955344,"['Organization', 'VentureFundedCompany']"
15,Shutterfly,Company,0.652192,0.955344,"['Website', 'Organization', 'VentureFundedCompany']"
15,Adorama,Company,0.643828,0.955344,NA
15,Walgreens,Company,0.541728,0.955344,NA
15,Costco,Company,0.522512,0.955344,['Organization']
15,Parabo Press,Company,0.074996,0.955344,NA
15,Photojojo,Company,0.05226,0.955344,NA
15,NA,NA,NA,NA,NA
15,NA,NA,NA,NA,NA
16,Upper East,Location,0.952007,0.611623,NA
16,Manhattan,Location,0.782158,0.611623,NA
16,Betsy Morris,Person,0.729666,0.611623,NA
16,New Yorks,Location,0.610369,0.611623,NA
16,Coney Island,GeographicFeature,0.569752,0.611623,"['Location', 'Island', 'Neighborhood']"
16,New York City,Location,0.462267,0.611623,NA
16,Brooklyn,Location,0.436271,0.611623,NA
16,Upper East Side,GeographicFeature,0.225389,0.611623,NA
16,NA,NA,NA,NA,NA
16,NA,NA,NA,NA,NA
17,Mr Roof,Person,0.954934,0,NA
17,Dylann,Location,0.855711,0,NA
17,Judge Richard M Gergel,Person,0.492207,0,NA
17,Federal District Court,Organization,0.481155,0,NA
17,Emanuel,Person,0.424299,0,NA
17,Charleston,Location,0.365759,0,NA
17,Mr Roofs,Person,0.297878,0,NA
17,white,Person,0.242948,0,NA
17,churchs fellowship hall,Facility,0.225525,0,NA
17,NA,NA,NA,NA,NA
18,Mr Modi,Person,0.963296,-0.359357,NA
18,Prime Minister Narendra Modi,Person,0.744429,-0.359357,NA
18,India,Location,0.675776,-0.359357,NA
18,Mr Modis,Person,0.587547,-0.359357,NA
18,MUMBAI,Location,0.367752,-0.359357,NA
18,Hem Raj Chechi,Person,0.364925,-0.359357,NA
18,50 percent,Quantity,0.330415,-0.359357,NA
18,Mr Chechi,Person,0.314861,-0.359357,NA
18,New Delhi,Location,0.243542,-0.359357,NA
18,000 rupee,Quantity,0.059266,-0.359357,NA
19,President Franois Hollande,Person,0.95056,-0.97324,NA
19,Baghdad,Location,0.937962,-0.97324,NA
19,Mr Hollande Haider,Person,0.837269,-0.97324,NA
19,ISIL,Organization,0.748412,-0.97324,NA
19,BAGHDAD,Location,0.542017,-0.97324,NA
19,ISIS,Organization,0.414446,-0.97324,NA
19,France,Location,0.384528,-0.97324,NA
19,Sadr City,Location,0.380847,-0.97324,NA
19,Mosul,Location,0.358144,-0.97324,NA
19,Asaad Hashim,Person,0.357213,-0.97324,NA
20,Australias   city,Location,0.950753,-0.771501,NA
20,Environment Protection Authority,Organization,0.898245,-0.771501,['GovernmentAgency']
20,Port Phillip,Location,0.831174,-0.771501,NA
20,Mr Boxshall,Person,0.759387,-0.771501,NA
20,Anthony Boxshall,Person,0.756833,-0.771501,NA
20,Melbourne,Location,0.632389,-0.771501,NA
20,swimming,Sport,0.490233,-0.771501,NA
20,SYDNEY,Location,0.441686,-0.771501,NA
20,Yarra River,GeographicFeature,0.413858,-0.771501,"['Location', 'BodyOfWater', 'River']"
20,Victoria,Location,0.3863,-0.771501,NA
21,Packers,Organization,0.957275,-0.606062,"['SportsTeam', 'FootballTeam', 'ProfessionalSportsTeam']"
21,Redskins,Organization,0.819092,-0.606062,"['SportsTeam', 'FootballTeam', 'ProfessionalSportsTeam', 'Company']"
21,Detroit Lions,Organization,0.733135,-0.606062,"['SportsTeam', 'FootballTeam', 'ProfessionalSportsTeam', 'Company']"
21,Seahawks,Organization,0.704781,-0.606062,"['SportsTeam', 'FootballTeam', 'ProfessionalSportsTeam']"
21,Giants,Organization,0.589743,-0.606062,"['MusicalGroup', 'MusicalArtist']"
21,Aaron Rodgers,Person,0.542398,-0.606062,"['Athlete', 'FootballPlayer']"
21,Lions,Organization,0.483927,-0.606062,NA
21,Rodgers,Person,0.441678,-0.606062,NA
21,Green Bay,GeographicFeature,0.361742,-0.606062,NA
21,Green Bay Line Seahawks,Organization,0.344778,-0.606062,NA
22,Ms Careys,Person,0.958279,-0.648705,NA
22,Dick Clarks,Person,0.355457,-0.648705,NA
22,Stella Bulochnikov,Person,0.332868,-0.648705,NA
22,Ms Bulochnikov,Person,0.262229,-0.648705,NA
22,Times Square,Facility,0.248578,-0.648705,NA
22,Mariah Carey,Person,0.248403,-0.648705,"['Composer', 'MusicalArtist', 'AwardNominee', 'AwardWinner', 'BroadcastArtist', 'Celebrity', 'FilmMusicContributor', 'MusicalGroupMember', 'RecordProducer', 'TVPersonality', 'FilmActor', 'TVActor']"
22,Ryan Seacrest,Person,0.208239,-0.648705,"['AwardNominee', 'Celebrity', 'CompanyFounder', 'TVPersonality', 'TVProducer', 'BroadcastArtist', 'FilmActor', 'TVActor', 'TVWriter']"
22,Weekly magazine,PrintMedia,0.156716,-0.648705,NA
22,Dick Clark,Person,0.128096,-0.648705,"['AwardNominee', 'FilmProducer', 'HallOfFameInductee', 'TVPersonality', 'TVProducer', 'BroadcastArtist', 'FilmActor', 'TVActor']"
22,Mariah,Person,0.114305,-0.648705,NA
23,Mr Ubelmann,Person,0.956845,-0.575038,NA
23,Palmyra,Location,0.507171,-0.575038,NA
23,Yves Ubelmann,Person,0.491539,-0.575038,NA
23,Syrias,Person,0.485743,-0.575038,NA
23,Houmam Saad,Person,0.370443,-0.575038,NA
23,Iconem This,Company,0.294212,-0.575038,NA
23,Syria,Location,0.286268,-0.575038,NA
23,PARIS,Location,0.199695,-0.575038,NA
23,Paris,Location,0.173822,-0.575038,NA
23,Islamic State Palmyra,GeographicFeature,0.166168,-0.575038,NA
24,Mr Michaels,Person,0.950395,0,NA
24,George Michaels,Person,0.92002,0,['MilitaryPerson']
24,Madonna Chris Isaak,Person,0.850803,0,NA
24,Merton Park Studios,Facility,0.694417,0,NA
24,Herb Ritts,Person,0.65913,0,['TVActor']
24,Steven Meisel,Person,0.638953,0,NA
24,Linda Evangelista Christy Turlington,Person,0.629776,0,NA
24,Tatjana Patitz,Person,0.610486,0,"['Model', 'FilmActor', 'TVActor']"
24,Naomi Campbell,Person,0.551158,0,"['MusicalArtist', 'Celebrity', 'FilmActor', 'TVActor']"
24,Janet Jackson,Person,0.519552,0,"['MusicalArtist', 'AwardNominee', 'AwardWinner', 'BroadcastArtist', 'Celebrity', 'DietFollower', 'FilmMusicContributor', 'MusicalGroupMember', 'RecordProducer', 'FilmActor', 'TVActor']"
25,Obama administration,Organization,0.950753,0.900998,NA
25,Donald J Trump,Person,0.937289,0.900998,NA
25,Congress,Organization,0.880088,0.900998,NA
25,Mr Trumps cabinet,Organization,0.732213,0.900998,NA
25,Senator Mitch McConnell,Person,0.681702,0.900998,NA
25,Mr Trumps   cabinet,Organization,0.520815,0.900998,NA
25,WASHINGTON,Location,0.424814,0.900998,NA
25,Supreme Court,Organization,0.34796,0.900998,NA
25,Kentucky,Location,0.291645,0.900998,NA
25,Twitter,Company,0.170772,0.900998,"['Website', 'Organization', 'VentureFundedCompany']"
26,House Senate,Organization,0.95056,-0.348298,NA
26,Representative Tom Cole,Person,0.540456,-0.348298,NA
26,Congress,Organization,0.471609,-0.348298,"['Dedicator', 'GovernmentalBody', 'Legislature', 'NaturalOrCulturalPreservationAgency']"
26,White House,Organization,0.440408,-0.348298,NA
26,Donald J Trump,Person,0.412725,-0.348298,NA
26,WASHINGTON,Location,0.403148,-0.348298,NA
26,Senate,Organization,0.353275,-0.348298,"['GovernmentalBody', 'Legislature']"
26,President Obama,Person,0.328991,-0.348298,NA
26,America,Location,0.257726,-0.348298,"['Region', 'AdministrativeDivision', 'Country', 'GovernmentalJurisdiction', 'FilmEditor']"
26,House,Organization,0.246516,-0.348298,NA
27,Mosul   South Koreas,Location,0.949449,0,NA
27,Constitutional Court,Organization,0.937445,0,NA
27,President Park,Facility,0.907916,0,NA
27,Ms Chois,Person,0.772048,0,NA
27,Heres,Person,0.69328,0,NA
27,Istanbul,Location,0.60891,0,NA
27,President Obamas,Person,0.591085,0,NA
27,North Koreas,Location,0.563948,0,NA
27,Baghdad,Location,0.538116,0,NA
27,Donald J Trump,Person,0.521266,0,NA
28,General Mattis,Person,0.953718,-0.624019,NA
28,James N Mattis,Person,0.923385,-0.624019,NA
28,Donald J Trumps,Person,0.916367,-0.624019,NA
28,Marine division,Organization,0.875972,-0.624019,NA
28,Iraq,Location,0.865199,-0.624019,"['Country', 'GovernmentalJurisdiction', 'MilitaryPost', 'CityTown']"
28,Mr Trump,Person,0.791646,-0.624019,NA
28,Ralph Dengler,Person,0.787902,-0.624019,NA
28,United States Marines,Organization,0.732042,-0.624019,"['ArmedForce', 'Profession']"
28,Colonel Dengler,Person,0.583546,-0.624019,NA
28,Marines,Organization,0.497434,-0.624019,NA
29,Mr Kurtulmus,Person,0.953718,0,NA
29,Reina nightclub,Facility,0.820244,0,NA
29,Turkey,Location,0.729103,0,"['Brand', 'Country', 'GovernmentalJurisdiction', 'ProjectParticipant']"
29,Numan Kurtulmus,Person,0.664873,0,['Politician']
29,ISTANBUL,Location,0.522421,0,NA
29,Istanbul,Location,0.491588,0,NA
29,Hurriyet,PrintMedia,0.374104,0,"['Company', 'Newspaper']"
29,Kyrgyzstan,Location,0.31454,0,"['Country', 'GovernmentalJurisdiction']"
29,Aiymkan Kulukeyeva,Person,0.293621,0,NA
29,Foreign Ministry,Organization,0.270237,0,NA
30,Mr Obama,Person,0.956454,-0.95901,NA
30,Mr Obamas,Person,0.621847,-0.95901,NA
30,Afghanistan,Location,0.534606,-0.95901,NA
30,Obamas,Person,0.397657,-0.95901,NA
30,National Security Council,Organization,0.344887,-0.95901,['GovernmentalBody']
30,United States,Location,0.250074,-0.95901,"['Region', 'AdministrativeDivision', 'Country', 'GovernmentalJurisdiction', 'FilmEditor']"
30,WASHINGTON,Location,0.234478,-0.95901,NA
30,George W Bushs,Person,0.226248,-0.95901,NA
30,Barack Obama,Person,0.111399,-0.95901,"['Politician', 'President', 'Appointer', 'AwardWinner', 'Celebrity', 'PoliticalAppointer', 'U.S.Congressperson', 'USPresident', 'TVActor']"
30,Iraq,Location,0.077988,-0.95901,NA
31,Tova Weinstock,Person,0.95577,-0.414637,NA
31,Cattano,Person,0.668052,-0.414637,NA
31,Brooklyn,Location,0.653617,-0.414637,NA
31,Laura,Person,0.298213,-0.414637,NA
31,NA,NA,NA,NA,NA
31,NA,NA,NA,NA,NA
31,NA,NA,NA,NA,NA
31,NA,NA,NA,NA,NA
31,NA,NA,NA,NA,NA
31,NA,NA,NA,NA,NA
32,Mr Netanyahu,Person,0.958996,-0.931694,NA
32,JERUSALEM     Israeli police,Organization,0.364567,-0.931694,NA
32,Prime Minister Benjamin Netanyahu,Person,0.355424,-0.931694,NA
32,Lahav,Person,0.272092,-0.931694,NA
32,Avichai Mandelblit,Person,0.25237,-0.931694,NA
32,Ministry of Justice,Organization,0.164785,-0.931694,['GovernmentAgency']
32,Israeli police,Organization,0.082549,-0.931694,NA
32,Ronald S Lauder,Person,0.066829,-0.931694,NA
32,Haaretz,PrintMedia,0.059671,-0.931694,['Newspaper']
32,Mr Netanyahus,Person,0.048269,-0.931694,NA
33,Myriam El Khomri,Person,0.958279,-0.509243,NA
33,PARIS,Location,0.571243,-0.509243,NA
33,France,Location,0.062797,-0.509243,NA
33,NA,NA,NA,NA,NA
33,NA,NA,NA,NA,NA
33,NA,NA,NA,NA,NA
33,NA,NA,NA,NA,NA
33,NA,NA,NA,NA,NA
33,NA,NA,NA,NA,NA
33,NA,NA,NA,NA,NA
34,Cancun Mexico,Location,0.94975,0,NA
34,Miroslav Gronych,Person,0.884977,0,NA
34,Paul Stacey,Person,0.794184,0,"['MusicalArtist', 'Guitarist']"
34,Calgary Police Service,Organization,0.783901,0,NA
34,Calgary International Airport,Facility,0.72371,0,"['Location', 'Airport']"
34,Ken Thrower,Person,0.697618,0,NA
34,Calgary Police Services traffic and airport unit,Organization,0.674316,0,NA
34,Mr Gronych,Person,0.539678,0,NA
34,Sergeant Stacey,Person,0.524073,0,NA
34,OTTAWA,Location,0.502017,0,NA
35,Manaus,Location,0.959823,-0.899617,NA
35,Brazilian Amazon,Location,0.551872,-0.899617,NA
35,Compaj prison,Facility,0.465523,-0.899617,NA
35,Judge Lus Carlos Valois,Person,0.431604,-0.899617,NA
35,RIO DE JANEIRO,Location,0.31351,-0.899617,NA
35,First Capital Command,Organization,0.310033,-0.899617,NA
35,Amazon basin,GeographicFeature,0.205498,-0.899617,NA
35,Srgio Fontes,Person,0.149874,-0.899617,NA
35,Facebook,Company,0.136993,-0.899617,"['Website', 'Organization', 'VentureFundedCompany']"
35,Amazonas State,Location,0.135961,-0.899617,NA
36,SpaceX,Company,0.959191,0.753275,"['Organization', 'RocketEngineDesigner', 'RocketManufacturer']"
36,Cape Canaveral Air Force Station,Facility,0.323183,0.753275,"['Location', 'Spaceport']"
36,Federal Aviation,Organization,0.171955,0.753275,NA
36,Florida,Location,0.149125,0.753275,NA
36,NASA,Organization,0.111702,0.753275,"['Company', 'GovernmentAgency', 'AirportOperator', 'AwardPresentingOrganization', 'SoftwareDeveloper', 'SpaceAgency', 'SpacecraftManufacturer']"
36,National Transportation Safety Board,Organization,0.086399,0.753275,['GovernmentAgency']
36,Facebook,Company,0.084832,0.753275,"['Website', 'Organization', 'VentureFundedCompany']"
36,Africa,Location,0.081883,0.753275,NA
36,International Space Station,Facility,0.05934,0.753275,NA
36,United States,Location,0.046508,0.753275,"['Region', 'AdministrativeDivision', 'Country', 'GovernmentalJurisdiction', 'FilmEditor']"
37,hockey,Sport,0.967401,0,NA
37,Yeshiva University High School for Boys,Organization,0.712237,0,['School']
37,Lions,Organization,0.569409,0,NA
37,Salanter Akiba Riverdale High School,Organization,0.552775,0,NA
37,Upper Manhattan,Location,0.512097,0,NA
37,yeshiva high schools,Organization,0.457708,0,NA
37,Bronx,Location,0.290292,0,NA
37,Amir Gavarin,Person,0.275634,0,NA
37,Metropolitan Yeshiva High School Hockey League,Organization,0.212373,0,NA
37,New York City,Location,0.180542,0,NA
38,Beinecke Rare Book  Manuscript Library,Facility,0.950015,0,NA
38,Mr Lethems,Person,0.840806,0,NA
38,Jonathan Lethem,Person,0.732352,0,"['Writer', 'AwardNominee', 'AwardWinner', 'FilmWriter']"
38,Yale University,Organization,0.683357,0,"['Location', 'FieldOfStudy', 'Company', 'AcademicInstitution', 'PeriodicalPublisher', 'CollegeUniversity', 'University']"
38,Marilynne Robinson,Person,0.641729,0,"['Writer', 'AwardNominee', 'AwardWinner']"
38,Sinclair Lewis,Person,0.634432,0,"['Writer', 'AwardNominee', 'AwardWinner', 'FilmWriter', 'FilmActor']"
38,James Baldwin,Person,0.606849,0,NA
38,Walt Whitman,Person,0.567274,0,['Writer']
38,Mr Lethem,Person,0.565294,0,NA
38,Melissa Barton,Person,0.55731,0,NA
39,Mr Canunayon,Person,0.963296,0,NA
39,Rey Canunayon,Person,0.364708,0,NA
39,MaryGwen,Person,0.360748,0,NA
39,Ms Canunayons,Person,0.259948,0,NA
39,Mindanao,Location,0.197033,0,NA
39,United States,Location,0.189072,0,"['Region', 'AdministrativeDivision', 'Country', 'GovernmentalJurisdiction', 'FilmEditor']"
39,Philippines,Location,0.183188,0,"['Country', 'GovernmentalJurisdiction']"
39,Elmhurst Queens,Location,0.148035,0,NA
39,New York City,Location,0.126988,0,NA
39,New Jersey,Location,0.097858,0,NA
40,Donald J Trump,Person,0.950126,-0.729175,NA
40,noon party,Organization,0.944111,-0.729175,NA
40,Mr Trump,Person,0.827374,-0.729175,NA
40,Speaker Paul D Ryan,Person,0.706275,-0.729175,NA
40,Office of Congressional Ethics,Organization,0.598358,-0.729175,NA
40,House,Organization,0.56863,-0.729175,NA
40,Capitol Hill,GeographicFeature,0.560577,-0.729175,NA
40,Kevin McCarthy,Person,0.522148,-0.729175,NA
40,WASHINGTON,Location,0.386237,-0.729175,NA
40,Representative Robert W Goodlatte,Person,0.321246,-0.729175,NA
41,Mr Trumps,Person,0.951589,-0.382755,NA
41,Vice   Mike Pence,Person,0.673807,-0.382755,NA
41,Donald J Trump,Person,0.600833,-0.382755,NA
41,Robert Lighthizer,Person,0.53606,-0.382755,NA
41,Mr Trump,Person,0.450303,-0.382755,NA
41,California Legislature,Organization,0.355829,-0.382755,"['GovernmentalBody', 'Legislature']"
41,Attorney General Eric H Holder Jr,Person,0.333897,-0.382755,NA
41,Congress,Organization,0.29045,-0.382755,NA
41,Mexico,Location,0.284237,-0.382755,"['PoliticalDistrict', 'Country', 'GovernmentalJurisdiction', 'FilmCinematographer']"
41,Obama,Person,0.252016,-0.382755,"['Politician', 'President', 'Appointer', 'AwardWinner', 'Celebrity', 'PoliticalAppointer', 'U.S.Congressperson', 'USPresident', 'TVActor']"
42,President Obamas,Person,0.950251,-0.410319,NA
42,Congress,Organization,0.830559,-0.410319,"['Dedicator', 'GovernmentalBody', 'Legislature', 'NaturalOrCulturalPreservationAgency']"
42,Paul D Ryan,Person,0.822646,-0.410319,NA
42,Donald J Trump,Person,0.722381,-0.410319,NA
42,Mr Trump,Person,0.606833,-0.410319,NA
42,Senate,Organization,0.593972,-0.410319,NA
42,Washington,Location,0.554163,-0.410319,NA
42,Senator Mitch McConnell,Person,0.527128,-0.410319,NA
42,House,Organization,0.525154,-0.410319,NA
42,WASHINGTON,Location,0.382457,-0.410319,NA
43,Mr Trump,Person,0.95577,-0.608931,NA
43,Donald J Trump,Person,0.377517,-0.608931,NA
43,Robert Lighthizer,Person,0.268992,-0.608931,NA
43,Mexico,Location,0.257634,-0.608931,"['PoliticalDistrict', 'Country', 'GovernmentalJurisdiction', 'FilmCinematographer']"
43,Mr Trumps,Person,0.211939,-0.608931,NA
43,Cruze,Vehicle,0.1738,-0.608931,NA
43,Twitter,Company,0.171634,-0.608931,"['Website', 'Organization', 'VentureFundedCompany']"
43,General Motors,Company,0.155571,-0.608931,"['Organization', 'AircraftManufacturer', 'AutomobileCompany', 'AwardWinner']"
43,United States,Location,0.153626,-0.608931,"['Region', 'AdministrativeDivision', 'Country', 'GovernmentalJurisdiction', 'FilmEditor']"
43,Chevrolet,Company,0.133798,-0.608931,"['Organization', 'AwardWinner']"
44,Mr Assange,Person,0.955469,-0.872309,NA
44,Mr Trump,Person,0.697481,-0.872309,NA
44,WikiLeaks,Company,0.551477,-0.872309,NA
44,Donald J Trump,Person,0.504189,-0.872309,NA
44,Vice   Mike Pence,Person,0.478393,-0.872309,NA
44,Omarosa Manigault,Person,0.468634,-0.872309,NA
44,Oval Offices,Facility,0.440377,-0.872309,NA
44,White House,Organization,0.348725,-0.872309,NA
44,Ecuadorean Embassy,Organization,0.333199,-0.872309,NA
44,Julian Assange,Person,0.305517,-0.872309,NA
45,Mr Trump,Person,0.952007,-0.587575,NA
45,Mr Holder,Person,0.893917,-0.587575,NA
45,Mr de Len,Person,0.81389,-0.587575,NA
45,Donald J Trump,Person,0.733166,-0.587575,NA
45,California Legislature,Organization,0.71983,-0.587575,"['GovernmentalBody', 'Legislature']"
45,Eric H Holder Jr,Person,0.701843,-0.587575,NA
45,Washington,Location,0.604395,-0.587575,NA
45,Kevin de Len,Person,0.491216,-0.587575,NA
45,California,Location,0.441645,-0.587575,NA
45,Legislature,Organization,0.299601,-0.587575,NA
46,Sgt Elor Azaria,Person,0.95056,-0.66908,NA
46,West Bank,Location,0.763391,-0.66908,NA
46,Prime Minister Benjamin Netanyahu,Person,0.659186,-0.66908,NA
46,Mr Netanyahu,Person,0.591804,-0.66908,NA
46,armys,Organization,0.538538,-0.66908,NA
46,Hebron,Location,0.51584,-0.66908,NA
46,JERUSALEM,Location,0.499379,-0.66908,NA
46,Israeli society,Organization,0.470676,-0.66908,NA
46,Prof David Enoch,Person,0.445645,-0.66908,NA
46,Israel Defense Forces,Organization,0.33822,-0.66908,['ArmedForce']
47,diabetes depression,HealthCondition,0.952545,-0.509078,NA
47,International Journal,PrintMedia,0.468161,-0.509078,NA
47,obesity,HealthCondition,0.451396,-0.509078,"['DiseaseOrMedicalCondition', 'DiseaseCause', 'RiskFactor', 'Symptom']"
47,University of Colorado Anschutz Medical Campus,Organization,0.372208,-0.509078,['CollegeUniversity']
47,Johnson  Johnson Human Performance Institute,Organization,0.322358,-0.509078,NA
47,Johnson  Johnson,Person,0.147173,-0.509078,NA
47,Colorado Nutrition Obesity Research Center,Organization,0.072521,-0.509078,NA
47,NA,NA,NA,NA,NA
47,NA,NA,NA,NA,NA
47,NA,NA,NA,NA,NA
48,5 percent,Quantity,0.954265,-0.768931,NA
48,7 percent,Quantity,0.581875,-0.768931,NA
48,Barrons,Company,0.361499,-0.768931,NA
48,Money magazine,PrintMedia,0.350641,-0.768931,NA
48,Ellie Mae Douglas Dynamics   Burlington,Company,0.344625,-0.768931,NA
48,9 percent,Quantity,0.316125,-0.768931,NA
48,3 percent,Quantity,0.295734,-0.768931,NA
48,6 percent,Quantity,0.287321,-0.768931,NA
48,CNBC,Company,0.2843,-0.768931,NA
48,Goldman Sachs,Company,0.18473,-0.768931,['CompanyShareholder']
49,Fox News,Broadcaster,0.954934,0.580303,NA
49,Megyn Kelly,Person,0.84186,0.580303,['TVActor']
49,Donald J Trump,Person,0.604815,0.580303,NA
49,Fox Newss,Company,0.587225,0.580303,NA
49,21st Century Fox,Company,0.576332,0.580303,NA
49,Ms Kelly,Person,0.561283,0.580303,NA
49,NBC News,Broadcaster,0.420133,0.580303,NA
49,NBC,Company,0.405326,0.580303,"['Broadcast', 'AwardNominee', 'AwardWinner', 'FilmDistributor', 'TVNetwork', 'TelevisionStation', 'TVWriter']"
49,Ms Kellys,Person,0.32079,0.580303,NA
49,Murdoch,Company,0.309559,0.580303,"['Location', 'CollegeUniversity', 'University']"
50,Ms Kelly,Person,0.956166,-0.667564,NA
50,Megyn Kellys,Person,0.387625,-0.667564,NA
50,NBC News,Broadcaster,0.227911,-0.667564,NA
50,Donald J Trump,Person,0.199238,-0.667564,NA
50,Fox,Company,0.192222,-0.667564,NA
50,Midtown,Location,0.190158,-0.667564,NA
50,Fox News,Company,0.181454,-0.667564,['Broadcast']
50,Manhattan,Location,0.158158,-0.667564,NA
50,NBC,Company,0.156508,-0.667564,"['Broadcast', 'AwardNominee', 'AwardWinner', 'FilmDistributor', 'TVNetwork', 'TelevisionStation', 'TVWriter']"
50,NBC News,Company,0.113827,-0.667564,NA
51,soccer,Sport,0.963296,-0.585699,NA
51,QINGYUAN,Location,0.682565,-0.585699,NA
51,Wang Kai,Person,0.579045,-0.585699,NA
51,China,Location,0.519502,-0.585699,NA
51,Ronaldo,Person,0.394121,-0.585699,"['FootballPlayer', 'OlympicAthlete', 'FilmActor', 'TVActor']"
51,south China,Location,0.387206,-0.585699,NA
51,Chinese league,Organization,0.360189,-0.585699,NA
51,Xi Jinping,Person,0.334878,-0.585699,"['Politician', 'President']"
51,Cristiano Ronaldo,Person,0.31584,-0.585699,"['Athlete', 'FootballPlayer', 'OlympicAthlete']"
51,Chinese club,Organization,0.294544,-0.585699,NA
52,Alphabet Googles,Company,0.950251,0.490168,NA
52,sharks,Organization,0.735207,0.490168,NA
52,Cisco,Company,0.645092,0.490168,NA
52,IBM,Company,0.633625,0.490168,"['SoftwareLicense', 'Organization', 'OperatingSystemDeveloper', 'ProcessorManufacturer', 'SoftwareDeveloper', 'CompanyFounder', 'ProgrammingLanguageDesigner', 'ProgrammingLanguageDeveloper']"
52,Yahoo,Company,0.594014,0.490168,NA
52,Apple,Company,0.512039,0.490168,"['Brand', 'OperatingSystemDeveloper', 'ProcessorManufacturer', 'ProgrammingLanguageDesigner', 'ProgrammingLanguageDeveloper', 'ProtocolProvider', 'SoftwareDeveloper', 'VentureFundedCompany', 'VideoGameDeveloper', 'VideoGamePublisher']"
52,Amazon,Company,0.423374,0.490168,NA
52,Europe,Location,0.389487,0.490168,NA
52,Microsoft,Company,0.375341,0.490168,"['Organization', 'OperatingSystemDeveloper', 'ProcessorManufacturer', 'SoftwareDeveloper', 'VentureFundedCompany', 'VideoGameDeveloper', 'VideoGamePublisher', 'ProgrammingLanguageDesigner']"
52,Facebook,Company,0.364795,0.490168,"['Website', 'Organization', 'VentureFundedCompany']"
53,Panzhihua,Location,0.953889,-0.920063,NA
53,Maos,Company,0.483175,-0.920063,NA
53,China,Location,0.387287,-0.920063,"['Region', 'AdministrativeDivision', 'Country', 'GovernmentalJurisdiction', 'Kingdom', 'FilmScreeningVenue']"
53,Panzhihua Land and Resources Bureau,Organization,0.345316,-0.920063,NA
53,Chen Zhongshu,Person,0.337297,-0.920063,NA
53,Communist Party,Organization,0.329159,-0.920063,['PoliticalParty']
53,Xi Jinping,Person,0.297099,-0.920063,"['Politician', 'President']"
53,Sichuan,Location,0.293488,-0.920063,NA
53,BEIJING,Location,0.289599,-0.920063,NA
53,Sichuan Daily,PrintMedia,0.250315,-0.920063,NA
54,New York City police,Organization,0.950753,-0.926376,['GovernmentAgency']
54,James P ONeill,Person,0.932445,-0.926376,NA
54,Mr ONeill,Person,0.825847,-0.926376,NA
54,Mayor Bill de Blasio,Person,0.813259,-0.926376,NA
54,Police Department,Organization,0.806349,-0.926376,NA
54,New York City,Location,0.650811,-0.926376,NA
54,The New York Times,PrintMedia,0.62804,-0.926376,"['Organization', 'Company', 'AwardPresentingOrganization', 'AwardWinner', 'CompanyShareholder', 'Newspaper']"
54,Stephen P Davis,Person,0.522104,-0.926376,NA
54,Brooklyn,Location,0.348682,-0.926376,NA
54,Manhattan,Location,0.139954,-0.926376,NA
55,Silicon Valley entrepreneurs,Company,0.95056,0,NA
55,Sarah Palins,Person,0.906205,0,NA
55,Steve Bannon,Person,0.697265,0,NA
55,Harvard Goldman Sachs,Company,0.687169,0,NA
55,Ivy League,Organization,0.643312,0,"['BasketballConference', 'SportsAssociation']"
55,Goldman Sachs,Company,0.531597,0,['CompanyShareholder']
55,Harvard,Organization,0.46207,0,"['Location', 'CollegeUniversity', 'University']"
55,Hollywood,Location,0.278602,0,NA
55,Howard Dean,Person,0.146483,0,"['Physician', 'Politician', 'Governor', 'TVActor']"
55,Trump,Person,0.089002,0,NA
56,Ms Michelis,Person,0.953262,0.897952,NA
56,Mr Litman,Person,0.786126,0.897952,NA
56,Horace Mann School,Organization,0.498115,0.897952,"['Location', 'School']"
56,Montauk Point Lighthouse,Facility,0.41147,0.897952,"['Location', 'Lighthouse', 'Building']"
56,The New York Times,PrintMedia,0.301723,0.897952,"['Organization', 'Company', 'AwardPresentingOrganization', 'AwardWinner', 'CompanyShareholder', 'Newspaper']"
56,Riverdale,Location,0.288694,0.897952,NA
56,The Times,PrintMedia,0.283392,0.897952,NA
56,Montauk,Location,0.281325,0.897952,NA
56,Manhattan,Location,0.27419,0.897952,NA
56,President Obama,Person,0.261627,0.897952,NA
57,Ms Rivera,Person,0.962293,-0.695698,NA
57,Alicia Rivera,Person,0.335748,-0.695698,NA
57,Bronx River Parkway,GeographicFeature,0.287996,-0.695698,NA
57,Rafael Ms Rivera,Person,0.251853,-0.695698,NA
57,Joaquin,Person,0.193255,-0.695698,NA
57,Plaza College,Facility,0.174812,-0.695698,NA
57,Alyssa,Person,0.155273,-0.695698,NA
57,Metropolitan College of New York,Organization,0.154579,-0.695698,NA
57,Rafael,Person,0.14858,-0.695698,NA
57,Nelson,Person,0.126822,-0.695698,NA
58,Vice   Mike Pence,Person,0.950395,0.371503,NA
58,House Republicans,Organization,0.936804,0.371503,NA
58,Mr Obamas,Person,0.894296,0.371503,NA
58,Mr Pence,Person,0.65319,0.371503,NA
58,Donald J Trump,Person,0.613054,0.371503,NA
58,Capitol Hill,GeographicFeature,0.601711,0.371503,NA
58,President Obama,Person,0.533402,0.371503,NA
58,Congress,Organization,0.474428,0.371503,"['Dedicator', 'GovernmentalBody', 'Legislature', 'NaturalOrCulturalPreservationAgency']"
58,WASHINGTON,Location,0.440021,0.371503,NA
58,Senator Chuck Schumer,Person,0.435495,0.371503,NA
59,Congress,Organization,0.990389,0.585884,NA
59,Congressional Research Service,Organization,0.514201,0.585884,['GovernmentAgency']
59,WASHINGTON,Location,0.343635,0.585884,NA
59,Medicare,Organization,0.300085,0.585884,NA
59,Senate,Organization,0.232901,0.585884,"['GovernmentalBody', 'Legislature']"
59,NA,NA,NA,NA,NA
59,NA,NA,NA,NA,NA
59,NA,NA,NA,NA,NA
59,NA,NA,NA,NA,NA
59,NA,NA,NA,NA,NA
60,Mr Trump,Person,0.952258,-0.94838,NA
60,Republican government,Organization,0.765816,-0.94838,NA
60,Donald J Trump,Person,0.70765,-0.94838,NA
60,House Republicans,Organization,0.689139,-0.94838,NA
60,Congress,Organization,0.637427,-0.94838,NA
60,Walter B Jones,Person,0.615597,-0.94838,NA
60,House,Organization,0.533246,-0.94838,NA
60,Twitter,Company,0.450599,-0.94838,"['Website', 'Organization', 'VentureFundedCompany']"
60,WASHINGTON,Location,0.339862,-0.94838,NA
60,Washington,Location,0.320402,-0.94838,NA
61,Kalorama,Location,0.949449,0,NA
61,Ms Trump,Person,0.894637,0,NA
61,Jared Kushner,Person,0.858361,0,['Celebrity']
61,Donald J Trump,Person,0.84415,0,NA
61,President Obamas,Person,0.789139,0,NA
61,Ivanka Trump,Person,0.725701,0,"['Celebrity', 'TVPersonality', 'TVActor']"
61,Dan K Rapoport,Person,0.693288,0,NA
61,District of Columbia Neither,Organization,0.654098,0,NA
61,Washingtonian magazine,PrintMedia,0.600837,0,['Magazine']
61,Mr Kushner,Person,0.594114,0,NA
62,Mr Clayton,Person,0.951111,0.60626,NA
62,Walter J Clayton,Person,0.815931,0.60626,NA
62,Trump administration,Organization,0.730871,0.60626,NA
62,JPMorgan Chase,Company,0.497708,0.60626,NA
62,Securities and Exchange Commission,Organization,0.427826,0.60626,"['GovernmentAgency', 'GovernmentalBody']"
62,Mary Jo White,Person,0.386308,0.60626,NA
62,Debevoise  Plimpton,Company,0.353431,0.60626,NA
62,Barclays Capital,Company,0.344509,0.60626,NA
62,JPMorgan Chase Rupert Murdochs News Corporation,Company,0.326459,0.60626,NA
62,President Obama,Person,0.317364,0.60626,NA
63,Mr Roof,Person,0.968313,-0.755005,NA
63,Dylann S Roof,Person,0.467235,-0.755005,NA
63,Charlestons Emanuel African Methodist Episcopal Church,Organization,0.285656,-0.755005,NA
63,CHARLESTON,Location,0.228704,-0.755005,NA
63,Charleston County,Location,0.129132,-0.755005,NA
63,Nathan S Williams,Person,0.003389,-0.755005,NA
63,NA,NA,NA,NA,NA
63,NA,NA,NA,NA,NA
63,NA,NA,NA,NA,NA
63,NA,NA,NA,NA,NA
64,Turkey,Location,0.960286,-0.89513,"['Brand', 'Country', 'GovernmentalJurisdiction', 'ProjectParticipant']"
64,United States,Location,0.725466,-0.89513,"['Region', 'AdministrativeDivision', 'Country', 'GovernmentalJurisdiction', 'FilmEditor']"
64,United States America,Location,0.717039,-0.89513,NA
64,Vladimir V Putin,Person,0.509411,-0.89513,"['Politician', 'MartialArtist', 'PoliticalAppointer', 'TVActor']"
64,ISTANBUL,Location,0.437532,-0.89513,NA
64,Reina,Person,0.399741,-0.89513,NA
64,Istanbul,Location,0.386071,-0.89513,NA
64,CIA,Organization,0.307511,-0.89513,NA
64,American Embassy,Organization,0.285329,-0.89513,NA
64,NATO,Organization,0.276751,-0.89513,"['Location', 'MembershipOrganization']"
65,BEIRUT Lebanon,Location,0.950753,-0.888828,NA
65,Damascus,Location,0.798454,-0.888828,NA
65,Syria,Location,0.465566,-0.888828,NA
65,President Bashar,Person,0.385274,-0.888828,NA
65,Barada Valley,GeographicFeature,0.366691,-0.888828,"['Location', 'BodyOfWater', 'River']"
65,Mr Assad,Person,0.325767,-0.888828,NA
65,Facebook,Company,0.274547,-0.888828,"['Website', 'Organization', 'VentureFundedCompany']"
65,Turkey,Location,0.228335,-0.888828,"['Brand', 'Country', 'GovernmentalJurisdiction', 'ProjectParticipant']"
65,Russia,Location,0.225329,-0.888828,NA
65,Jens Laerke,Person,0.061607,-0.888828,NA
66,Canada,Location,0.956845,-0.53581,"['Country', 'GovernmentalJurisdiction', 'Kingdom', 'AwardDiscipline', 'FilmScreeningVenue']"
66,British Columbia,Location,0.93375,-0.53581,NA
66,Hong Kong,Location,0.902445,-0.53581,"['HumanLanguage', 'AdministrativeDivision', 'Country', 'GovernmentalJurisdiction', 'BodyOfWater', 'CityTown', 'Cuisine']"
66,Vancouver Island,GeographicFeature,0.771259,-0.53581,"['Location', 'Island']"
66,Port Hardy,Location,0.746064,-0.53581,NA
66,Emily Carr,Person,0.712089,-0.53581,"['AwardWinner', 'VisualArtist']"
66,Celine Dion,Person,0.572637,-0.53581,"['MusicalArtist', 'AwardNominee', 'AwardWinner', 'BroadcastArtist', 'Celebrity', 'TVPersonality', 'FilmActor', 'TVActor']"
66,NA,NA,NA,NA,NA
66,NA,NA,NA,NA,NA
66,NA,NA,NA,NA,NA
67,Canada,Location,0.954695,-0.429272,"['Country', 'GovernmentalJurisdiction', 'Kingdom', 'AwardDiscipline', 'FilmScreeningVenue']"
67,Vancouver Island,GeographicFeature,0.617527,-0.429272,"['Location', 'Island']"
67,Maureen Towey,Person,0.585663,-0.429272,NA
67,Banff,Location,0.578696,-0.429272,NA
67,Montreal,Location,0.498002,-0.429272,NA
67,Alberta,Location,0.486399,-0.429272,NA
67,Toronto,Location,0.447751,-0.429272,NA
67,hockey,Sport,0.442074,-0.429272,NA
67,western coast of Vancouver Island,GeographicFeature,0.345572,-0.429272,NA
67,United States,Location,0.27677,-0.429272,"['Region', 'AdministrativeDivision', 'Country', 'GovernmentalJurisdiction', 'FilmEditor']"
68,Henry Maier Festival Park,Facility,0.949917,0.595355,NA
68,Monterey County Fair and Events Center,Organization,0.777468,0.595355,NA
68,Lake Michigan,Location,0.55492,0.595355,NA
68,Manu Katch,Person,0.538875,0.595355,NA
68,Richard Bona,Person,0.513223,0.595355,"['MusicalArtist', 'BroadcastArtist', 'MusicalGroupMember']"
68,Ibrahim Maalouf,Person,0.502992,0.595355,"['MusicalArtist', 'MusicalGroupMember']"
68,Milwaukee,Location,0.491444,0.595355,NA
68,Calif,Location,0.473339,0.595355,NA
68,Monterey,Location,0.44483,0.595355,NA
68,Opra Garnier,Facility,0.441406,0.595355,NA
69,MiamiCentral station,Facility,0.949402,-0.319173,NA
69,Gotthard Base Tunnel,Facility,0.912582,-0.319173,['Location']
69,Miami,Location,0.844193,-0.319173,NA
69,Peruvian Andes,GeographicFeature,0.755004,-0.319173,NA
69,Cusco,Location,0.737832,-0.319173,NA
69,Hokkaido,Location,0.616849,-0.319173,NA
69,West Palm Beach,GeographicFeature,0.597422,-0.319173,NA
69,northern Hokkaido island,GeographicFeature,0.593798,-0.319173,NA
69,South Florida,Location,0.561998,-0.319173,NA
69,Train Suite,Facility,0.560647,-0.319173,NA
70,Stephen Karams,Person,0.94975,0.453598,NA
70,Manhattan Theater Club,Organization,0.679582,0.453598,NA
70,Signature Theater,Facility,0.59559,0.453598,NA
70,Samuel J Friedman Theater,Facility,0.564282,0.453598,NA
70,Youve,Person,0.546339,0.453598,NA
70,Ms Blanchett,Person,0.476481,0.453598,NA
70,Platonov,Person,0.451753,0.453598,NA
70,Wilsons,Person,0.410874,0.453598,NA
70,Tony,Person,0.406098,0.453598,NA
70,Ruben,Person,0.375484,0.453598,NA
71,Mr Cuomo,Person,0.960286,0.632969,NA
71,La Guardia,Location,0.405679,0.632969,NA
71,Gov Andrew M Cuomo,Person,0.361753,0.632969,NA
71,La Guardia Airport,Facility,0.348588,0.632969,"['Location', 'Airport', 'TransportTerminus', 'Building']"
71,Association for a Better New York,Organization,0.268796,0.632969,NA
71,New York,Location,0.259066,0.632969,NA
71,John F Kennedy,Person,0.216039,0.632969,"['FilmCharacter', 'Politician', 'President', 'AwardNominee', 'AwardWinner', 'Celebrity', 'Dedicatee', 'MilitaryCommander', 'MilitaryPerson', 'OperaCharacter', 'PoliticalAppointer', 'U.S.Congressperson', 'USPresident', 'FilmActor']"
71,Port Authority of New York,Organization,0.18843,0.632969,['AirportOperator']
71,Mr Degnan,Person,0.134759,0.632969,NA
71,John J Degnan,Person,0.113439,0.632969,NA
72,Bureau of Labor Statistics,Organization,0.950251,-0.915276,"['GovernmentAgency', 'GovernmentalBody']"
72,70 percent,Quantity,0.903978,-0.915276,NA
72,50 percent,Quantity,0.870683,-0.915276,NA
72,96 percent,Quantity,0.860274,-0.915276,NA
72,98 percent,Quantity,0.852414,-0.915276,NA
72,90 percent,Quantity,0.807007,-0.915276,NA
72,David Autor,Person,0.659485,-0.915276,NA
72,Theyre,Company,0.593217,-0.915276,NA
72,Tracy Dawson,Person,0.52185,-0.915276,NA
72,St Clair Mo,Organization,0.503336,-0.915276,NA
73,China,Location,0.961624,-0.64366,"['Region', 'AdministrativeDivision', 'Country', 'GovernmentalJurisdiction', 'Kingdom', 'FilmScreeningVenue']"
73,app store,Facility,0.794451,-0.64366,NA
73,Apple,Company,0.702626,-0.64366,['Organization']
73,The New York Times,PrintMedia,0.676827,-0.64366,"['Organization', 'Company', 'AwardPresentingOrganization', 'AwardWinner', 'CompanyShareholder', 'Newspaper']"
73,The Financial Times,PrintMedia,0.567348,-0.64366,"['AwardPresentingOrganization', 'Newspaper']"
73,Fred Sainz,Person,0.470603,-0.64366,NA
73,Wen Jiabao,Person,0.421767,-0.64366,"['Politician', 'President']"
73,The Times,PrintMedia,0.404782,-0.64366,NA
73,Mr Sainz,Person,0.382217,-0.64366,NA
73,App Store,Facility,0.380943,-0.64366,NA
74,Fed,Organization,0.972327,-0.827038,NA
74,Mr Trump,Person,0.796076,-0.827038,NA
74,WASHINGTON     Federal Reserve,Organization,0.650664,-0.827038,NA
74,Michael Gapen,Person,0.47703,-0.827038,NA
74,Donald J,Person,0.449278,-0.827038,NA
74,Barclays,Company,0.245021,-0.827038,NA
74,United States,Location,0.148869,-0.827038,"['Region', 'AdministrativeDivision', 'Country', 'GovernmentalJurisdiction', 'FilmEditor']"
74,James Marple,Person,0.094443,-0.827038,NA
74,TD Bank,Company,0.082445,-0.827038,NA
74,Janet L Yellen,Person,0.056317,-0.827038,NA
75,Mr Shah,Person,0.959191,-0.423009,NA
75,Rockefeller Foundation,Organization,0.516952,-0.423009,NA
75,Rajiv J Shah,Person,0.386589,-0.423009,NA
75,United States Agency for International Development ultimately,Organization,0.342007,-0.423009,NA
75,Judith Rodin,Person,0.301334,-0.423009,['BoardMember']
75,John D Rockefeller,Person,0.194965,-0.423009,['CompanyFounder']
75,American Red Cross,Organization,0.086803,-0.423009,NA
75,yellow fever,HealthCondition,0.080147,-0.423009,"['OrganismClassification', 'DiseaseOrMedicalCondition', 'CauseOfDeath', 'InfectiousDisease']"
75,malaria,HealthCondition,0.064113,-0.423009,"['DiseaseOrMedicalCondition', 'CauseOfDeath', 'DiseaseCause', 'InfectiousDisease', 'RiskFactor', 'Disease', 'MedicalTreatment', 'OrganizationSector']"
75,Ms Rodin,Person,0.045399,-0.423009,NA
76,Mr Bungat,Person,0.955328,-0.726493,NA
76,Kidapawan City,Location,0.454848,-0.726493,NA
76,Mindanao,Location,0.447919,-0.726493,NA
76,Peter Bungat,Person,0.440651,-0.726493,NA
76,Commander Derbie,Person,0.423473,-0.726493,NA
76,North Cotabato District Jail,Facility,0.379318,-0.726493,NA
76,Senior Inspector Xavier Solda,Person,0.359472,-0.726493,NA
76,Philippine Bureau of Jail Management and Penology,Organization,0.345203,-0.726493,NA
76,Philippines,Location,0.267424,-0.726493,"['Country', 'GovernmentalJurisdiction']"
76,MANILA,Location,0.245475,-0.726493,NA
77,Mr Trump,Person,0.96064,-0.861825,NA
77,Mr Trumps,Person,0.611663,-0.861825,NA
77,Twitter,Company,0.508055,-0.861825,"['Website', 'Organization', 'VentureFundedCompany']"
77,Donald J Trump,Person,0.424897,-0.861825,NA
77,North Korea,Location,0.38826,-0.861825,"['Country', 'GovernmentalJurisdiction']"
77,President Xi Jinping,Person,0.345571,-0.861825,NA
77,China,Location,0.305412,-0.861825,"['Region', 'AdministrativeDivision', 'Country', 'GovernmentalJurisdiction', 'Kingdom', 'FilmScreeningVenue']"
77,South China Sea,GeographicFeature,0.231821,-0.861825,"['Location', 'BodyOfWater', 'MilitaryConflict']"
77,Beijing,Location,0.223564,-0.861825,NA
77,BEIJING,Location,0.200734,-0.861825,NA
78,DORAL Fla     Inside,Facility,0.951255,0.809014,NA
78,John Padgett,Person,0.656016,0.809014,NA
78,Disney,Company,0.605334,0.809014,NA
78,Mr Donald,Person,0.550218,0.809014,NA
78,Carnival,Company,0.527456,0.809014,NA
78,Walt Disney World,Company,0.508487,0.809014,NA
78,Arnold W Donald Carnivals,Person,0.503941,0.809014,NA
78,Ocean Compass,Company,0.460239,0.809014,NA
78,Princess Cruises,Company,0.244257,0.809014,NA
78,Las Vegas,Location,0.209534,0.809014,NA
79,TransUnion,Company,0.967401,-0.837379,NA
79,Equifax,Company,0.903283,-0.837379,NA
79,Consumer Financial Protection Bureau,Organization,0.622929,-0.837379,NA
79,nations consumer watchdog agency,Organization,0.527542,-0.837379,NA
79,TransUnion Equifax,Company,0.258486,-0.837379,NA
79,Experian,Company,0.153487,-0.837379,NA
79,Richard Cordray,Person,0.106119,-0.837379,['OfficeHolder']
79,David Blumberg,Person,0.102082,-0.837379,NA
79,Ines Gutzmer,Person,0.089654,-0.837379,NA
79,Atlanta,Location,0.044436,-0.837379,NA
80,Senan Molony,Person,0.950251,-0.910681,NA
80,Mr Molonys,Person,0.815866,-0.910681,NA
80,Newfoundland,Location,0.667038,-0.910681,NA
80,England,Location,0.54723,-0.910681,"['PoliticalDistrict', 'AdministrativeDivision', 'Country', 'GovernmentalJurisdiction']"
80,Southampton,Location,0.545711,-0.910681,NA
80,LONDON,Location,0.505778,-0.910681,NA
80,Britain,Location,0.42109,-0.910681,NA
80,New York,Location,0.357856,-0.910681,NA
80,Harland,Person,0.330514,-0.910681,NA
80,Wiltshire,Location,0.308729,-0.910681,NA
81,Chase Sapphire Reserve,Company,0.95577,-0.406879,NA
81,bank JPMorgan Chase,Company,0.941324,-0.406879,NA
81,Ashley E Dodd,Person,0.730414,-0.406879,NA
81,Bloomberg Businessweek,Company,0.456261,-0.406879,NA
81,NA,NA,NA,NA,NA
81,NA,NA,NA,NA,NA
81,NA,NA,NA,NA,NA
81,NA,NA,NA,NA,NA
81,NA,NA,NA,NA,NA
81,NA,NA,NA,NA,NA
82,Chicago Jersey Boys and The Lion King,Movie,0.950251,-0.832054,NA
82,Oh Hello at the Lyceum,Movie,0.893171,-0.832054,NA
82,Broadway League,Organization,0.726136,-0.832054,NA
82,3 million mark,Quantity,0.706871,-0.832054,NA
82,63 percent,Quantity,0.66023,-0.832054,NA
82,Times Square,Facility,0.577526,-0.832054,NA
82,Hamilton,Person,0.517199,-0.832054,NA
82,bowling,Sport,0.486146,-0.832054,NA
82,The Lion King,Movie,0.419277,-0.832054,['Film']
82,15 percent,Quantity,0.339376,-0.832054,NA
83,Mr Albanese,Person,0.961146,0,NA
83,Marco Albanese,Person,0.548696,0,NA
83,Lecce Penitentiary,Facility,0.471793,0,NA
83,Italy,Location,0.260037,0,NA
83,Rita Russo,Person,0.089714,0,NA
83,Lecce Penitentiary,Organization,0.077533,0,NA
83,Apulia,Location,0.035086,0,NA
83,NA,NA,NA,NA,NA
83,NA,NA,NA,NA,NA
83,NA,NA,NA,NA,NA
84,Penelope Justina Machado,Person,0.950395,-0.914115,NA
84,Alex Marcel Ruiz,Person,0.931147,-0.914115,NA
84,Norman Lear,Person,0.706852,-0.914115,"['AwardNominee', 'AwardWinner', 'FilmDirector', 'FilmProducer', 'HallOfFameInductee', 'MilitaryPerson', 'TVDirector', 'TVProducer', 'FilmWriter', 'TVActor', 'TVWriter']"
84,Taxi waitresses Alice auto mechanics Chico and the Man or brewery,Movie,0.562185,-0.914115,NA
84,Shirley Mr Lear,Person,0.532671,-0.914115,NA
84,Penelope,Person,0.502586,-0.914115,NA
84,Son  Mr Lear,Person,0.471922,-0.914115,NA
84,Alex,Person,0.378082,-0.914115,NA
84,Laverne,Person,0.334613,-0.914115,NA
84,Sanford,Person,0.249171,-0.914115,NA
85,White America,Location,0.95577,-0.76006,NA
85,white America,Location,0.945342,-0.76006,NA
85,Barack Obama,Person,0.553681,-0.76006,"['Politician', 'President', 'Appointer', 'AwardWinner', 'Celebrity', 'PoliticalAppointer', 'U.S.Congressperson', 'USPresident', 'TVActor']"
85,America,Location,0.310341,-0.76006,"['Region', 'AdministrativeDivision', 'Country', 'GovernmentalJurisdiction', 'FilmEditor']"
85,NA,NA,NA,NA,NA
85,NA,NA,NA,NA,NA
85,NA,NA,NA,NA,NA
85,NA,NA,NA,NA,NA
85,NA,NA,NA,NA,NA
85,NA,NA,NA,NA,NA
86,Cond Nast Publications,Company,0.950251,0.426717,NA
86,Vanity Fair The New Yorker Vogue Architectural Digest,PrintMedia,0.901288,0.426717,NA
86,Cond Nasts headquarters,Facility,0.82336,0.426717,NA
86,One World Trade Center,Facility,0.612112,0.426717,"['Location', 'Building', 'Skyscraper']"
86,Horst P Horst,Person,0.589244,0.426717,NA
86,Lower Manhattan,Location,0.490039,0.426717,NA
86,Ivan Shaw,Person,0.483899,0.426717,['TVActor']
86,Cond Nasts,Person,0.448314,0.426717,NA
86,Coco Chanel,Person,0.395647,0.426717,"['Celebrity', 'FashionDesigner', 'TheaterCharacter']"
86,Vogue,PrintMedia,0.302461,0.426717,NA
87,Mr Trump,Person,0.95577,0,NA
87,united front of top intelligence,Organization,0.531467,0,NA
87,Russian government,Organization,0.503166,0,NA
87,Donald J Trumps,Person,0.478351,0,NA
87,James R Clapper Jr,Person,0.417991,0,NA
87,national intelligence,Organization,0.409077,0,NA
87,Senate Armed Services Committee,Organization,0.396277,0,NA
87,Mr Clapper,Person,0.334693,0,NA
87,President Vladimir V Putin,Person,0.261099,0,NA
87,Twitter,Company,0.197947,0,"['Website', 'Organization', 'VentureFundedCompany']"
88,Mr Coats,Person,0.952349,0,NA
88,Donald J Trump,Person,0.510889,0,NA
88,Senator Dan Coats,Person,0.494053,0,NA
88,chambers Intelligence Committee,Organization,0.463773,0,NA
88,Senator Cory Gardner,Person,0.43201,0,NA
88,Indiana,Location,0.333318,0,NA
88,Senator Angus King,Person,0.330445,0,NA
88,Intelligence Committee,Organization,0.306843,0,NA
88,Mister Rogers,Person,0.283971,0,"['Actor', 'MusicalArtist', 'AwardWinner', 'HallOfFameInductee', 'TVActor', 'TVPersonality', 'TVProducer']"
88,Germany,Location,0.180384,0,"['Country', 'GovernmentalJurisdiction']"
89,Mr Mendez,Person,0.953889,-0.7445,NA
89,United Nations,Organization,0.73198,-0.7445,NA
89,Juan E Mndez,Person,0.613539,-0.7445,NA
89,Guantnamo,Person,0.586213,-0.7445,NA
89,Guantnamo Bay,GeographicFeature,0.412092,-0.7445,NA
89,Gambia,Location,0.394203,-0.7445,NA
89,Mr Trump,Person,0.324842,-0.7445,NA
89,Donald J,Person,0.309703,-0.7445,NA
89,Bahrain,Location,0.290723,-0.7445,"['Country', 'GovernmentalJurisdiction', 'CityTown']"
89,cabinet,Organization,0.271998,-0.7445,NA
90,Senate,Organization,0.963296,-0.717385,"['GovernmentalBody', 'Legislature']"
90,Mike Pence,Person,0.924072,-0.717385,"['Politician', 'U.S.Congressperson', 'BroadcastArtist']"
90,Congress,Organization,0.873384,-0.717385,NA
90,WASHINGTON,Location,0.514728,-0.717385,NA
90,President Obama,Person,0.45733,-0.717385,NA
90,House,Organization,0.400492,-0.717385,NA
90,Affordable Care Act House,Organization,0.289174,-0.717385,NA
90,committees     House Energy and Commerce House,Organization,0.033209,-0.717385,NA
90,NA,NA,NA,NA,NA
90,NA,NA,NA,NA,NA
91,Donald J Trumps,Person,0.95056,0,NA
91,Mr Trump,Person,0.661075,0,NA
91,President Obamas,Person,0.63072,0,NA
91,State Department,Organization,0.418214,0,"['GovernmentAgency', 'GovernmentalBody', 'AppointedRole']"
91,Mr Obamas,Person,0.375816,0,NA
91,WASHINGTON,Location,0.361024,0,NA
91,Britain,Location,0.310964,0,NA
91,Germany,Location,0.29723,0,NA
91,United States,Location,0.265965,0,"['Region', 'AdministrativeDivision', 'Country', 'GovernmentalJurisdiction', 'FilmEditor']"
91,Canada,Location,0.262338,0,"['Country', 'GovernmentalJurisdiction', 'Kingdom', 'AwardDiscipline', 'FilmScreeningVenue']"
92,Mr Trump,Person,0.95577,-0.990233,NA
92,Donald J Trump,Person,0.514896,-0.990233,NA
92,President Obamas,Person,0.496737,-0.990233,NA
92,Mr Obama,Person,0.4146,-0.990233,NA
92,Vice   Mike Pence,Person,0.388514,-0.990233,NA
92,Mr Trumps,Person,0.381689,-0.990233,NA
92,Chuck Schumer,Person,0.29098,-0.990233,"['Politician', 'Senator']"
92,Twitter,Company,0.275227,-0.990233,"['Website', 'Organization', 'VentureFundedCompany']"
92,Capitol Hill,GeographicFeature,0.210569,-0.990233,NA
92,WASHINGTON,Location,0.176318,-0.990233,NA
93,Talladega College,Organization,0.95577,0.669896,"['Location', 'CollegeUniversity', 'University']"
93,Donald J Trump,Person,0.602757,0.669896,NA
93,Mr Trump,Person,0.478672,0.669896,NA
93,Billy Hawkins,Person,0.461135,0.669896,NA
93,Dr Hawkins,Person,0.361682,0.669896,NA
93,Washington,Location,0.224316,0.669896,NA
93,Mr Trumps,Person,0.175143,0.669896,NA
93,Mormon Tabernacle Choir,Organization,0.160555,0.669896,NA
93,NA,NA,NA,NA,NA
93,NA,NA,NA,NA,NA
94,Mr Corzine,Person,0.963296,-0.958965,NA
94,MF Global,Company,0.606645,-0.958965,NA
94,Jon S Corzine,Person,0.483376,-0.958965,NA
94,Commodity Futures Trading Commission,Organization,0.481714,-0.958965,"['GovernmentAgency', 'GovernmentalBody']"
94,Obama administration,Organization,0.430823,-0.958965,NA
94,Mr Corzines,Person,0.409296,-0.958965,NA
94,Edith OBrien,Person,0.303477,-0.958965,NA
94,New Jersey,Location,0.141967,-0.958965,NA
94,Goldman Sachs,Company,0.109997,-0.958965,['CompanyShareholder']
94,Chicago,Location,0.104943,-0.958965,NA
95,Sears,Company,0.971401,0.601274,NA
95,Sears Holdings,Company,0.535001,0.601274,NA
95,Stanley Black  Decker,Company,0.528273,0.601274,NA
95,Stanley Black  Deckers,Company,0.498971,0.601274,NA
95,James M Loree,Person,0.490604,0.601274,NA
95,Mr Loree,Person,0.414972,0.601274,NA
95,Edward S Lampert,Person,0.318338,0.601274,NA
95,Macys,Company,0.282234,0.601274,['Location']
95,Mr Lampert,Person,0.161601,0.601274,NA
95,Kohls,Company,0.149948,0.601274,['Organization']
96,Mr Turpin,Person,0.957507,-0.935303,NA
96,10 miles per hour,Quantity,0.595831,-0.935303,NA
96,Atlantic Terminal,Facility,0.580448,-0.935303,NA
96,Ted Turpin,Person,0.565601,-0.935303,NA
96,Hoboken Terminal,Facility,0.441901,-0.935303,NA
96,National Transportation Safety Board,Organization,0.355602,-0.935303,NA
96,Brooklyn,Location,0.292714,-0.935303,NA
96,Long Island,GeographicFeature,0.201538,-0.935303,NA
96,New Jersey,Location,0.181523,-0.935303,NA
96,Thomas Gallagher,Person,0.178552,-0.935303,NA
97,Trump administration,Organization,0.952545,0.43265,NA
97,DETROIT,Location,0.839098,0.43265,NA
97,Michelle Krebs,Person,0.815779,0.43265,NA
97,United States,Location,0.701372,0.43265,"['Region', 'AdministrativeDivision', 'Country', 'GovernmentalJurisdiction', 'FilmEditor']"
97,General Motors,Company,0.611575,0.43265,"['Organization', 'AircraftManufacturer', 'AutomobileCompany', 'AwardWinner']"
97,Chrysler,Company,0.555007,0.43265,"['Organization', 'RocketManufacturer', 'AwardWinner', 'CompanyShareholder']"
97,Mexico,Location,0.080843,0.43265,"['PoliticalDistrict', 'Country', 'GovernmentalJurisdiction', 'FilmCinematographer']"
97,NA,NA,NA,NA,NA
97,NA,NA,NA,NA,NA
97,NA,NA,NA,NA,NA
98,Macys,Company,0.954695,-0.993947,['Location']
98,1 percent,Quantity,0.871705,-0.993947,NA
98,Terry J Lundgren,Person,0.842251,-0.993947,NA
98,Douglaston,Location,0.463685,-0.993947,NA
98,Marketplace Mall,Facility,0.420437,-0.993947,NA
98,Maxx,Company,0.413542,-0.993947,['Organization']
98,Oakdale Mall,Facility,0.401783,-0.993947,NA
98,Preakness Shopping Center,Organization,0.365626,-0.993947,NA
98,Amazon,Company,0.264553,-0.993947,NA
98,Johnson City,Location,0.232102,-0.993947,NA
99,Melania,Person,0.951413,-0.785888,NA
99,Trump administration,Organization,0.750896,-0.785888,NA
99,Brioni,Person,0.652231,-0.785888,NA
99,Washington,Location,0.553027,-0.785888,NA
99,Dolce  Gabbana,Person,0.49262,-0.785888,NA
99,Stefano Gabbana,Person,0.480814,-0.785888,NA
99,Melania camp,Facility,0.443691,-0.785888,NA
99,Ivanka Trump,Person,0.403262,-0.785888,"['Celebrity', 'TVPersonality', 'TVActor']"
99,Paris,Location,0.355755,-0.785888,NA
99,Mr Trump,Person,0.320258,-0.785888,NA
100,Ingrid Gould Ellen,Person,0.952007,-0.717208,NA
100,Keren Mertens Horn,Person,0.864876,-0.717208,NA
100,Davin Reed,Person,0.825624,-0.717208,NA
100,New York University,Organization,0.534395,-0.717208,"['Location', 'Facility', 'CollegeUniversity', 'University']"
100,University of Massachusetts,Organization,0.507613,-0.717208,NA
100,Ms Ellen,Person,0.426366,-0.717208,NA
100,Boston,Location,0.338752,-0.717208,NA
100,Donald Trump,Person,0.336972,-0.717208,"['AwardNominee', 'AwardWinner', 'Celebrity', 'CompanyFounder', 'TVPersonality', 'TVProducer', 'FilmActor', 'TVActor']"
100,NA,NA,NA,NA,NA
100,NA,NA,NA,NA,NA
